record_id,mine_name,mine_type,state,year,month,season,monthly_target_tonnes,actual_extracted_tonnes,shortfall_tonnes,shortfall_pct,risk_tier,target_grade_pct,actual_grade_pct,grade_deficit_pct,grade_off_spec,rainfall_mm,rain_days,fleet_availability_pct,fleet_utilization_pct,unplanned_downtime_hrs,planned_stripping_ratio,actual_stripping_ratio,stripping_ratio_deficit,shaft_utilization_pct,power_outage_hrs,haul_road_condition,primary_root_cause
REC_0001,Balaghat Mine,Underground,Madhya Pradesh,2023,1,Winter,39598,36567,3031,7.65,MODERATE,44.5,44.57,-0.07,0,3.1,2,84.1,75.3,42.9,0.0,0.0,0.0,85.1,2.0,Good,HEMM Fleet Breakdown / Unavailability
REC_0002,Dongri Buzurg Mine,Opencast,Maharashtra,2023,1,Winter,30721,28766,1955,6.36,MODERATE,41.0,40.58,0.42,0,12.9,3,83.6,74.7,41.5,4.42,5.19,-0.77,0.0,2.2,Good,HEMM Fleet Breakdown / Unavailability
REC_0003,Tirodi Mine,Opencast,Madhya Pradesh,2023,1,Winter,24912,19943,4969,19.95,HIGH,39.0,38.39,0.61,0,7.0,2,81.0,72.6,103.1,4.52,4.64,-0.12,0.0,34.4,Good,Equipment Maintenance Backlog
REC_0004,Chikla Mine,Underground,Maharashtra,2023,1,Winter,21148,16147,5001,23.65,HIGH,42.5,42.13,0.37,0,21.0,1,79.7,71.7,37.7,0.0,0.0,0.0,80.7,29.5,Good,HEMM Fleet Breakdown / Unavailability
REC_0005,Gumgaon Mine,Underground,Maharashtra,2023,1,Winter,14774,12931,1843,12.47,MODERATE,37.5,37.72,-0.22,0,34.2,1,85.7,80.0,46.7,0.0,0.0,0.0,87.6,16.7,Good,HEMM Fleet Breakdown / Unavailability
REC_0006,Ukwa Mine,Underground,Madhya Pradesh,2023,1,Winter,13021,11301,1720,13.21,MODERATE,43.5,43.54,-0.04,0,0.0,1,80.5,75.1,50.6,0.0,0.0,0.0,76.2,4.0,Good,HEMM Fleet Breakdown / Unavailability
REC_0007,Kandri Mine,Opencast,Maharashtra,2023,1,Winter,18435,15912,2523,13.69,MODERATE,38.0,37.73,0.27,0,6.6,3,84.9,73.8,70.7,4.69,4.41,0.28,0.0,12.9,Good,Equipment Maintenance Backlog
REC_0008,Mansar Mine,Mixed,Maharashtra,2023,1,Winter,16824,13989,2835,16.85,HIGH,39.5,39.49,0.01,0,11.1,1,83.9,78.8,51.3,3.68,3.14,0.54,89.8,10.3,Good,HEMM Fleet Breakdown / Unavailability
REC_0009,Balaghat Mine,Underground,Madhya Pradesh,2023,2,Winter,40072,34050,6022,15.03,HIGH,44.5,44.63,-0.13,0,33.6,3,81.5,76.6,55.9,0.0,0.0,0.0,79.8,11.1,Good,HEMM Fleet Breakdown / Unavailability
REC_0010,Dongri Buzurg Mine,Opencast,Maharashtra,2023,2,Winter,32267,27533,4734,14.67,MODERATE,41.0,40.84,0.16,0,3.8,1,84.0,73.8,35.0,4.89,4.69,0.2,0.0,24.7,Good,Power Supply Outage
REC_0011,Tirodi Mine,Opencast,Madhya Pradesh,2023,2,Winter,25785,23691,2094,8.12,MODERATE,39.0,38.69,0.31,0,23.1,3,82.2,77.3,43.1,4.47,4.81,-0.34,0.0,2.0,Good,HEMM Fleet Breakdown / Unavailability
REC_0012,Chikla Mine,Underground,Maharashtra,2023,2,Winter,21409,19684,1725,8.06,MODERATE,42.5,42.58,-0.08,0,4.9,1,87.9,77.7,121.9,0.0,0.0,0.0,83.7,14.7,Good,Shaft / Logistics Bottleneck
REC_0013,Gumgaon Mine,Underground,Maharashtra,2023,2,Winter,15554,12097,3457,22.23,HIGH,37.5,37.47,0.03,0,17.3,2,80.1,76.1,46.7,0.0,0.0,0.0,85.7,45.6,Good,HEMM Fleet Breakdown / Unavailability
REC_0014,Ukwa Mine,Underground,Madhya Pradesh,2023,2,Winter,12838,10811,2027,15.79,HIGH,43.5,43.26,0.24,0,32.3,1,83.6,79.3,39.1,0.0,0.0,0.0,91.1,4.3,Good,HEMM Fleet Breakdown / Unavailability
REC_0015,Kandri Mine,Opencast,Maharashtra,2023,2,Winter,18190,15475,2715,14.93,MODERATE,38.0,37.8,0.2,0,31.8,2,83.2,72.0,55.1,4.54,4.32,0.22,0.0,24.5,Good,HEMM Fleet Breakdown / Unavailability
REC_0016,Mansar Mine,Mixed,Maharashtra,2023,2,Winter,17287,15251,2036,11.78,MODERATE,39.5,39.13,0.37,0,12.6,3,84.9,78.1,44.2,4.91,5.07,-0.16,74.9,2.0,Good,HEMM Fleet Breakdown / Unavailability
REC_0017,Balaghat Mine,Underground,Madhya Pradesh,2023,3,Pre-Monsoon,41015,34943,6072,14.8,MODERATE,44.5,44.74,-0.24,0,38.4,2,83.8,79.3,57.7,0.0,0.0,0.0,80.8,5.2,Good,HEMM Fleet Breakdown / Unavailability
REC_0018,Dongri Buzurg Mine,Opencast,Maharashtra,2023,3,Pre-Monsoon,32912,26185,6727,20.44,HIGH,41.0,40.79,0.21,0,27.7,2,79.9,69.2,116.3,4.41,4.32,0.09,0.0,2.0,Good,Equipment Maintenance Backlog
REC_0019,Tirodi Mine,Opencast,Madhya Pradesh,2023,3,Pre-Monsoon,24010,20633,3377,14.06,MODERATE,39.0,39.26,-0.26,0,24.1,2,80.4,76.3,42.1,3.53,4.06,-0.53,0.0,6.3,Good,HEMM Fleet Breakdown / Unavailability
REC_0020,Chikla Mine,Underground,Maharashtra,2023,3,Pre-Monsoon,21662,15998,5664,26.15,CRITICAL,42.5,42.75,-0.25,0,33.5,4,81.6,71.3,159.6,0.0,0.0,0.0,75.8,7.1,Good,Shaft / Logistics Bottleneck
REC_0021,Gumgaon Mine,Underground,Maharashtra,2023,3,Pre-Monsoon,15353,12226,3127,20.37,HIGH,37.5,37.5,0.0,0,54.8,4,80.7,70.4,59.0,0.0,0.0,0.0,93.8,2.4,Good,Shaft / Logistics Bottleneck
REC_0022,Ukwa Mine,Underground,Madhya Pradesh,2023,3,Pre-Monsoon,12770,10062,2708,21.21,HIGH,43.5,43.4,0.1,0,24.3,2,83.2,78.8,97.3,0.0,0.0,0.0,81.4,5.0,Good,Shaft / Logistics Bottleneck
REC_0023,Kandri Mine,Opencast,Maharashtra,2023,3,Pre-Monsoon,17736,14289,3447,19.44,HIGH,38.0,37.69,0.31,0,24.6,3,78.8,74.3,40.8,3.81,4.27,-0.46,0.0,4.3,Good,HEMM Fleet Breakdown / Unavailability
REC_0024,Mansar Mine,Mixed,Maharashtra,2023,3,Pre-Monsoon,17474,13766,3708,21.22,HIGH,39.5,39.67,-0.17,0,7.8,1,79.1,73.7,95.7,4.8,5.18,-0.38,82.2,8.6,Good,Shaft / Logistics Bottleneck
REC_0025,Balaghat Mine,Underground,Madhya Pradesh,2023,4,Summer (Extreme Heat),40646,32871,7775,19.13,HIGH,44.5,44.68,-0.18,0,26.4,3,77.4,71.0,54.6,0.0,0.0,0.0,98.0,2.9,Good,Shaft / Logistics Bottleneck
REC_0026,Dongri Buzurg Mine,Opencast,Maharashtra,2023,4,Summer (Extreme Heat),30819,22210,8609,27.93,CRITICAL,41.0,39.81,1.19,0,18.5,0,74.6,69.1,54.3,4.43,3.47,0.96,0.0,12.8,Good,HEMM Fleet Breakdown / Unavailability
REC_0027,Tirodi Mine,Opencast,Madhya Pradesh,2023,4,Summer (Extreme Heat),24645,21545,3100,12.58,MODERATE,39.0,39.05,-0.05,0,19.4,0,80.4,70.4,42.4,3.62,3.79,-0.17,0.0,7.4,Good,HEMM Fleet Breakdown / Unavailability
REC_0028,Chikla Mine,Underground,Maharashtra,2023,4,Summer (Extreme Heat),22730,16761,5969,26.26,CRITICAL,42.5,42.28,0.22,0,0.0,1,75.9,69.5,54.9,0.0,0.0,0.0,98.0,6.5,Good,Shaft / Logistics Bottleneck
REC_0029,Gumgaon Mine,Underground,Maharashtra,2023,4,Summer (Extreme Heat),15309,12389,2920,19.07,HIGH,37.5,37.66,-0.16,0,2.2,0,79.3,70.2,59.1,0.0,0.0,0.0,86.8,12.7,Good,HEMM Fleet Breakdown / Unavailability
REC_0030,Ukwa Mine,Underground,Madhya Pradesh,2023,4,Summer (Extreme Heat),12495,9818,2677,21.42,HIGH,43.5,43.53,-0.03,0,15.0,3,77.8,67.4,42.4,0.0,0.0,0.0,80.4,11.1,Good,HEMM Fleet Breakdown / Unavailability
REC_0031,Kandri Mine,Opencast,Maharashtra,2023,4,Summer (Extreme Heat),17838,14947,2891,16.21,HIGH,38.0,37.79,0.21,0,21.6,3,80.1,73.1,96.0,4.48,4.29,0.19,0.0,3.5,Good,Equipment Maintenance Backlog
REC_0032,Mansar Mine,Mixed,Maharashtra,2023,4,Summer (Extreme Heat),16833,13113,3720,22.1,HIGH,39.5,39.94,-0.44,0,16.1,2,79.0,69.7,103.0,3.53,3.77,-0.24,88.8,2.0,Good,Shaft / Logistics Bottleneck
REC_0033,Balaghat Mine,Underground,Madhya Pradesh,2023,5,Summer (Extreme Heat),41207,31856,9351,22.69,HIGH,44.5,44.65,-0.15,0,37.2,1,78.2,69.8,68.7,0.0,0.0,0.0,94.9,2.9,Good,Shaft / Logistics Bottleneck
REC_0034,Dongri Buzurg Mine,Opencast,Maharashtra,2023,5,Summer (Extreme Heat),32939,29625,3314,10.06,MODERATE,41.0,41.28,-0.28,0,2.1,4,78.0,72.2,43.3,4.85,5.03,-0.18,0.0,8.5,Good,HEMM Fleet Breakdown / Unavailability
REC_0035,Tirodi Mine,Opencast,Madhya Pradesh,2023,5,Summer (Extreme Heat),25791,19214,6577,25.5,CRITICAL,39.0,39.54,-0.54,0,29.9,4,77.4,69.6,43.7,3.64,3.19,0.45,0.0,3.9,Good,HEMM Fleet Breakdown / Unavailability
REC_0036,Chikla Mine,Underground,Maharashtra,2023,5,Summer (Extreme Heat),22824,16152,6672,29.23,CRITICAL,42.5,42.27,0.23,0,31.1,1,75.0,64.3,87.3,0.0,0.0,0.0,83.9,2.0,Good,Shaft / Logistics Bottleneck
REC_0037,Gumgaon Mine,Underground,Maharashtra,2023,5,Summer (Extreme Heat),14501,9768,4733,32.64,CRITICAL,37.5,36.09,1.41,0,42.3,3,74.7,68.0,60.5,0.0,0.0,0.0,80.7,7.1,Good,HEMM Fleet Breakdown / Unavailability
REC_0038,Ukwa Mine,Underground,Madhya Pradesh,2023,5,Summer (Extreme Heat),12931,10186,2745,21.23,HIGH,43.5,43.96,-0.46,0,7.4,1,78.9,68.0,42.3,0.0,0.0,0.0,81.6,12.8,Good,HEMM Fleet Breakdown / Unavailability
REC_0039,Kandri Mine,Opencast,Maharashtra,2023,5,Summer (Extreme Heat),18665,14936,3729,19.98,HIGH,38.0,38.25,-0.25,0,3.3,4,76.1,68.0,99.7,4.97,5.73,-0.76,0.0,2.0,Good,HEMM Fleet Breakdown / Unavailability
REC_0040,Mansar Mine,Mixed,Maharashtra,2023,5,Summer (Extreme Heat),16422,13102,3320,20.22,HIGH,39.5,39.45,0.05,0,9.0,3,76.2,69.6,73.6,4.85,4.11,0.74,98.0,4.2,Good,Shaft / Logistics Bottleneck
REC_0041,Balaghat Mine,Underground,Madhya Pradesh,2023,6,Monsoon Start,39530,29161,10369,26.23,CRITICAL,44.5,42.71,1.79,1,124.0,12,80.9,72.5,35.4,0.0,0.0,0.0,75.8,8.1,Degraded,HEMM Fleet Breakdown / Unavailability
REC_0042,Dongri Buzurg Mine,Opencast,Maharashtra,2023,6,Monsoon Start,31060,13138,17922,57.7,CRITICAL,41.0,38.31,2.69,1,260.8,11,79.7,75.2,106.8,3.57,3.6,-0.03,0.0,28.7,Degraded,Monsoon Flooding / Water Logging
REC_0043,Tirodi Mine,Opencast,Madhya Pradesh,2023,6,Monsoon Start,24761,17180,7581,30.62,CRITICAL,39.0,37.27,1.73,1,135.6,12,79.6,68.0,41.7,3.52,3.48,0.04,0.0,5.5,Degraded,Monsoon Flooding / Water Logging
REC_0044,Chikla Mine,Underground,Maharashtra,2023,6,Monsoon Start,22727,15648,7079,31.15,CRITICAL,42.5,40.22,2.28,1,256.8,12,81.5,71.3,54.3,0.0,0.0,0.0,71.1,21.9,Degraded,Monsoon Flooding / Water Logging
REC_0045,Gumgaon Mine,Underground,Maharashtra,2023,6,Monsoon Start,15205,10256,4949,32.55,CRITICAL,37.5,36.14,1.36,0,171.3,12,81.3,75.8,154.1,0.0,0.0,0.0,89.1,6.8,Degraded,Shaft / Logistics Bottleneck
REC_0046,Ukwa Mine,Underground,Madhya Pradesh,2023,6,Monsoon Start,12917,10735,2182,16.89,HIGH,43.5,41.74,1.76,1,211.7,13,85.0,73.4,27.6,0.0,0.0,0.0,90.5,13.0,Degraded,Monsoon Flooding / Water Logging
REC_0047,Kandri Mine,Opencast,Maharashtra,2023,6,Monsoon Start,18020,9116,8904,49.41,CRITICAL,38.0,36.36,1.64,1,217.3,14,80.7,74.2,90.5,4.19,4.94,-0.75,0.0,29.4,Degraded,Monsoon Flooding / Water Logging
REC_0048,Mansar Mine,Mixed,Maharashtra,2023,6,Monsoon Start,16604,13386,3218,19.38,HIGH,39.5,39.79,-0.29,0,103.1,13,84.9,73.2,33.0,3.71,4.15,-0.44,85.9,8.5,Good,Monsoon Flooding / Water Logging
REC_0049,Balaghat Mine,Underground,Madhya Pradesh,2023,7,Peak Monsoon,40536,25334,15202,37.5,CRITICAL,44.5,42.62,1.88,1,346.5,22,78.8,69.7,53.1,0.0,0.0,0.0,82.4,20.7,Degraded,Monsoon Flooding / Water Logging
REC_0050,Dongri Buzurg Mine,Opencast,Maharashtra,2023,7,Peak Monsoon,30956,10834,20122,65.0,CRITICAL,41.0,38.46,2.54,1,293.0,22,72.3,66.8,57.1,3.81,4.06,-0.25,0.0,15.3,Degraded,Monsoon Flooding / Water Logging
REC_0051,Tirodi Mine,Opencast,Madhya Pradesh,2023,7,Peak Monsoon,25494,8922,16572,65.0,CRITICAL,39.0,36.35,2.65,1,423.2,21,70.5,60.1,123.8,4.03,4.38,-0.35,0.0,30.2,Impassable,Monsoon Flooding / Water Logging
REC_0052,Chikla Mine,Underground,Maharashtra,2023,7,Peak Monsoon,21723,13619,8104,37.31,CRITICAL,42.5,41.92,0.58,0,395.5,20,80.0,68.7,63.0,0.0,0.0,0.0,93.8,23.8,Degraded,Shaft / Logistics Bottleneck
REC_0053,Gumgaon Mine,Underground,Maharashtra,2023,7,Peak Monsoon,14740,9017,5723,38.83,CRITICAL,37.5,35.05,2.45,1,484.7,21,79.3,71.4,51.3,0.0,0.0,0.0,77.1,24.2,Degraded,Monsoon Flooding / Water Logging
REC_0054,Ukwa Mine,Underground,Madhya Pradesh,2023,7,Peak Monsoon,13434,6970,6464,48.12,CRITICAL,43.5,41.32,2.18,1,448.1,22,78.5,71.9,131.5,0.0,0.0,0.0,77.7,24.7,Degraded,Monsoon Flooding / Water Logging
REC_0055,Kandri Mine,Opencast,Maharashtra,2023,7,Peak Monsoon,17549,6142,11407,65.0,CRITICAL,38.0,35.28,2.72,1,322.8,20,67.4,60.9,101.7,4.65,4.64,0.01,0.0,43.0,Impassable,Monsoon Flooding / Water Logging
REC_0056,Mansar Mine,Mixed,Maharashtra,2023,7,Peak Monsoon,17066,8977,8089,47.4,CRITICAL,39.5,38.05,1.45,0,219.6,21,80.5,70.5,75.1,4.64,4.87,-0.23,76.2,13.7,Degraded,Monsoon Flooding / Water Logging
REC_0057,Balaghat Mine,Underground,Madhya Pradesh,2023,8,Peak Monsoon,38979,23247,15732,40.36,CRITICAL,44.5,42.23,2.27,1,345.8,20,80.1,74.1,92.1,0.0,0.0,0.0,86.0,32.5,Degraded,Shaft / Logistics Bottleneck
REC_0058,Dongri Buzurg Mine,Opencast,Maharashtra,2023,8,Peak Monsoon,33044,11565,21479,65.0,CRITICAL,41.0,38.59,2.41,1,393.3,19,66.9,59.8,76.1,4.19,3.77,0.42,0.0,21.5,Impassable,Monsoon Flooding / Water Logging
REC_0059,Tirodi Mine,Opencast,Madhya Pradesh,2023,8,Peak Monsoon,25812,10776,15036,58.25,CRITICAL,39.0,35.55,3.45,1,196.3,20,68.9,63.6,97.5,3.75,4.06,-0.31,0.0,31.8,Degraded,Monsoon Flooding / Water Logging
REC_0060,Chikla Mine,Underground,Maharashtra,2023,8,Peak Monsoon,22444,13383,9061,40.37,CRITICAL,42.5,41.86,0.64,0,403.1,18,83.0,75.3,80.9,0.0,0.0,0.0,79.2,34.1,Degraded,Shaft / Logistics Bottleneck
REC_0061,Gumgaon Mine,Underground,Maharashtra,2023,8,Peak Monsoon,14579,9913,4666,32.0,CRITICAL,37.5,36.34,1.16,0,311.1,20,82.8,76.3,63.0,0.0,0.0,0.0,98.0,31.4,Degraded,Shaft / Logistics Bottleneck
REC_0062,Ukwa Mine,Underground,Madhya Pradesh,2023,8,Peak Monsoon,12920,6613,6307,48.82,CRITICAL,43.5,40.62,2.88,1,392.9,19,78.0,70.2,72.7,0.0,0.0,0.0,82.9,27.4,Degraded,Monsoon Flooding / Water Logging
REC_0063,Kandri Mine,Opencast,Maharashtra,2023,8,Peak Monsoon,18109,6338,11771,65.0,CRITICAL,38.0,34.95,3.05,1,370.6,19,75.0,65.0,52.3,4.76,4.95,-0.19,0.0,17.2,Impassable,Monsoon Flooding / Water Logging
REC_0064,Mansar Mine,Mixed,Maharashtra,2023,8,Peak Monsoon,17332,7788,9544,55.07,CRITICAL,39.5,37.72,1.78,1,380.1,19,80.1,71.2,62.9,4.88,5.4,-0.52,71.6,28.7,Degraded,Monsoon Flooding / Water Logging
REC_0065,Balaghat Mine,Underground,Madhya Pradesh,2023,9,Monsoon Retreat,38850,28986,9864,25.39,CRITICAL,44.5,42.66,1.84,1,189.7,11,81.9,72.2,85.7,0.0,0.0,0.0,74.7,9.2,Degraded,Shaft / Logistics Bottleneck
REC_0066,Dongri Buzurg Mine,Opencast,Maharashtra,2023,9,Monsoon Retreat,32146,19199,12947,40.28,CRITICAL,41.0,39.87,1.13,0,211.5,11,83.7,76.1,31.8,4.62,4.56,0.06,0.0,9.9,Degraded,Monsoon Flooding / Water Logging
REC_0067,Tirodi Mine,Opencast,Madhya Pradesh,2023,9,Monsoon Retreat,24073,12858,11215,46.59,CRITICAL,39.0,37.82,1.18,0,318.5,11,81.2,74.8,60.2,4.3,4.53,-0.23,0.0,28.0,Impassable,Monsoon Flooding / Water Logging
REC_0068,Chikla Mine,Underground,Maharashtra,2023,9,Monsoon Retreat,22445,16851,5594,24.92,HIGH,42.5,41.27,1.23,0,178.9,11,81.3,69.3,39.7,0.0,0.0,0.0,96.0,21.1,Degraded,Shaft / Logistics Bottleneck
REC_0069,Gumgaon Mine,Underground,Maharashtra,2023,9,Monsoon Retreat,14677,9535,5142,35.03,CRITICAL,37.5,34.73,2.77,1,194.9,12,80.3,72.7,80.2,0.0,0.0,0.0,92.0,45.9,Degraded,Shaft / Logistics Bottleneck
REC_0070,Ukwa Mine,Underground,Madhya Pradesh,2023,9,Monsoon Retreat,12816,9631,3185,24.85,HIGH,43.5,41.1,2.4,1,137.1,11,81.4,76.5,92.9,0.0,0.0,0.0,96.1,9.6,Degraded,Shaft / Logistics Bottleneck
REC_0071,Kandri Mine,Opencast,Maharashtra,2023,9,Monsoon Retreat,17666,12879,4787,27.1,CRITICAL,38.0,34.83,3.17,1,126.0,11,85.2,79.7,35.3,4.96,5.1,-0.14,0.0,14.2,Degraded,Monsoon Flooding / Water Logging
REC_0072,Mansar Mine,Mixed,Maharashtra,2023,9,Monsoon Retreat,16979,11956,5023,29.58,CRITICAL,39.5,38.21,1.29,0,183.9,10,86.2,75.5,30.2,4.75,4.48,0.27,82.1,8.4,Degraded,Monsoon Flooding / Water Logging
REC_0073,Balaghat Mine,Underground,Madhya Pradesh,2023,10,Post-Monsoon,39276,34246,5030,12.81,MODERATE,44.5,44.23,0.27,0,25.4,3,85.1,73.2,32.1,0.0,0.0,0.0,81.8,4.5,Good,HEMM Fleet Breakdown / Unavailability
REC_0074,Dongri Buzurg Mine,Opencast,Maharashtra,2023,10,Post-Monsoon,31361,26317,5044,16.08,HIGH,41.0,40.82,0.18,0,43.0,4,83.8,74.7,46.1,4.28,4.42,-0.14,0.0,12.5,Good,Monsoon Flooding / Water Logging
REC_0075,Tirodi Mine,Opencast,Madhya Pradesh,2023,10,Post-Monsoon,24577,22059,2518,10.25,MODERATE,39.0,38.96,0.04,0,16.9,6,81.5,77.0,51.1,4.93,4.33,0.6,0.0,2.3,Good,HEMM Fleet Breakdown / Unavailability
REC_0076,Chikla Mine,Underground,Maharashtra,2023,10,Post-Monsoon,22070,18160,3910,17.72,HIGH,42.5,42.49,0.01,0,50.7,3,81.6,74.2,47.4,0.0,0.0,0.0,79.2,2.6,Good,HEMM Fleet Breakdown / Unavailability
REC_0077,Gumgaon Mine,Underground,Maharashtra,2023,10,Post-Monsoon,15226,12508,2718,17.85,HIGH,37.5,37.51,-0.01,0,80.4,4,83.6,79.1,84.1,0.0,0.0,0.0,77.2,16.8,Good,Shaft / Logistics Bottleneck
REC_0078,Ukwa Mine,Underground,Madhya Pradesh,2023,10,Post-Monsoon,13476,11476,2000,14.84,MODERATE,43.5,43.75,-0.25,0,58.8,3,83.3,76.6,96.3,0.0,0.0,0.0,81.4,5.0,Good,Shaft / Logistics Bottleneck
REC_0079,Kandri Mine,Opencast,Maharashtra,2023,10,Post-Monsoon,17328,13061,4267,24.62,HIGH,38.0,37.19,0.81,0,47.7,3,80.8,72.1,90.1,4.62,4.68,-0.06,0.0,2.3,Good,Monsoon Flooding / Water Logging
REC_0080,Mansar Mine,Mixed,Maharashtra,2023,10,Post-Monsoon,17196,14434,2762,16.06,HIGH,39.5,39.56,-0.06,0,19.5,6,85.6,73.5,67.6,4.01,4.11,-0.1,83.1,5.2,Good,Equipment Maintenance Backlog
REC_0081,Balaghat Mine,Underground,Madhya Pradesh,2023,11,Post-Monsoon,39420,32688,6732,17.08,HIGH,44.5,44.49,0.01,0,23.7,1,80.9,72.2,56.0,0.0,0.0,0.0,78.5,33.2,Good,HEMM Fleet Breakdown / Unavailability
REC_0082,Dongri Buzurg Mine,Opencast,Maharashtra,2023,11,Post-Monsoon,32206,28027,4179,12.98,MODERATE,41.0,40.72,0.28,0,9.4,3,79.4,70.8,83.9,3.86,3.28,0.58,0.0,2.0,Good,Equipment Maintenance Backlog
REC_0083,Tirodi Mine,Opencast,Madhya Pradesh,2023,11,Post-Monsoon,24592,20410,4182,17.01,HIGH,39.0,39.25,-0.25,0,0.0,3,81.7,77.3,88.9,3.89,3.78,0.11,0.0,25.9,Good,Equipment Maintenance Backlog
REC_0084,Chikla Mine,Underground,Maharashtra,2023,11,Post-Monsoon,22860,19885,2975,13.01,MODERATE,42.5,42.33,0.17,0,17.1,2,81.8,73.7,42.0,0.0,0.0,0.0,95.0,2.9,Good,Shaft / Logistics Bottleneck
REC_0085,Gumgaon Mine,Underground,Maharashtra,2023,11,Post-Monsoon,15335,12863,2472,16.12,HIGH,37.5,37.55,-0.05,0,10.0,2,82.9,74.7,62.6,0.0,0.0,0.0,68.4,9.0,Good,HEMM Fleet Breakdown / Unavailability
REC_0086,Ukwa Mine,Underground,Madhya Pradesh,2023,11,Post-Monsoon,13413,11665,1748,13.03,MODERATE,43.5,43.68,-0.18,0,15.0,2,83.4,75.8,60.2,0.0,0.0,0.0,69.9,2.0,Good,HEMM Fleet Breakdown / Unavailability
REC_0087,Kandri Mine,Opencast,Maharashtra,2023,11,Post-Monsoon,17466,14578,2888,16.53,HIGH,38.0,38.01,-0.01,0,17.9,3,80.8,74.6,46.2,3.88,3.86,0.02,0.0,39.9,Good,HEMM Fleet Breakdown / Unavailability
REC_0088,Mansar Mine,Mixed,Maharashtra,2023,11,Post-Monsoon,17552,13240,4312,24.57,HIGH,39.5,39.75,-0.25,0,25.3,2,83.6,73.3,103.3,4.7,3.96,0.74,89.5,25.1,Good,Shaft / Logistics Bottleneck
REC_0089,Balaghat Mine,Underground,Madhya Pradesh,2023,12,Winter,40631,32509,8122,19.99,HIGH,44.5,44.69,-0.19,0,11.0,1,82.2,77.1,145.9,0.0,0.0,0.0,86.8,7.9,Good,Shaft / Logistics Bottleneck
REC_0090,Dongri Buzurg Mine,Opencast,Maharashtra,2023,12,Winter,33046,28023,5023,15.2,HIGH,41.0,40.91,0.09,0,3.1,1,84.1,76.7,167.6,4.45,4.15,0.3,0.0,9.4,Good,Equipment Maintenance Backlog
REC_0091,Tirodi Mine,Opencast,Madhya Pradesh,2023,12,Winter,25522,21100,4422,17.33,HIGH,39.0,38.82,0.18,0,9.3,1,81.7,70.9,81.9,4.68,4.24,0.44,0.0,2.6,Good,Equipment Maintenance Backlog
REC_0092,Chikla Mine,Underground,Maharashtra,2023,12,Winter,22367,18199,4168,18.63,HIGH,42.5,42.97,-0.47,0,3.8,3,83.8,78.5,156.3,0.0,0.0,0.0,84.9,2.0,Good,Shaft / Logistics Bottleneck
REC_0093,Gumgaon Mine,Underground,Maharashtra,2023,12,Winter,15219,13024,2195,14.42,MODERATE,37.5,37.76,-0.26,0,7.6,1,84.4,72.6,95.5,0.0,0.0,0.0,81.6,9.2,Good,Shaft / Logistics Bottleneck
REC_0094,Ukwa Mine,Underground,Madhya Pradesh,2023,12,Winter,13353,11863,1490,11.16,MODERATE,43.5,43.13,0.37,0,3.7,2,84.0,79.4,34.5,0.0,0.0,0.0,87.2,6.7,Good,HEMM Fleet Breakdown / Unavailability
REC_0095,Kandri Mine,Opencast,Maharashtra,2023,12,Winter,17674,16268,1406,7.96,MODERATE,38.0,38.77,-0.77,0,18.0,2,84.5,78.1,35.7,4.8,5.17,-0.37,0.0,15.7,Good,HEMM Fleet Breakdown / Unavailability
REC_0096,Mansar Mine,Mixed,Maharashtra,2023,12,Winter,17058,14076,2982,17.48,HIGH,39.5,39.71,-0.21,0,5.5,0,80.2,74.3,100.9,4.64,5.02,-0.38,84.6,2.0,Good,Shaft / Logistics Bottleneck
REC_0097,Balaghat Mine,Underground,Madhya Pradesh,2024,1,Winter,42996,36545,6451,15.0,HIGH,44.5,44.77,-0.27,0,3.8,0,81.5,71.3,61.9,0.0,0.0,0.0,77.4,12.8,Good,HEMM Fleet Breakdown / Unavailability
REC_0098,Dongri Buzurg Mine,Opencast,Maharashtra,2024,1,Winter,33420,30502,2918,8.73,MODERATE,41.0,40.99,0.01,0,0.0,3,81.5,74.2,45.4,4.54,5.51,-0.97,0.0,23.6,Good,HEMM Fleet Breakdown / Unavailability
REC_0099,Tirodi Mine,Opencast,Madhya Pradesh,2024,1,Winter,25708,20084,5624,21.88,HIGH,39.0,38.86,0.14,0,31.2,3,82.6,76.6,130.6,3.61,3.2,0.41,0.0,2.1,Good,Equipment Maintenance Backlog
REC_0100,Chikla Mine,Underground,Maharashtra,2024,1,Winter,22771,18928,3843,16.88,HIGH,42.5,42.78,-0.28,0,20.6,1,83.2,72.4,36.6,0.0,0.0,0.0,87.0,2.0,Good,HEMM Fleet Breakdown / Unavailability
REC_0101,Gumgaon Mine,Underground,Maharashtra,2024,1,Winter,15159,10776,4383,28.91,CRITICAL,37.5,38.15,-0.65,0,26.5,3,80.7,73.7,88.2,0.0,0.0,0.0,79.3,13.9,Good,Shaft / Logistics Bottleneck
REC_0102,Ukwa Mine,Underground,Madhya Pradesh,2024,1,Winter,13959,12747,1212,8.68,MODERATE,43.5,43.34,0.16,0,21.4,2,84.0,72.1,30.9,0.0,0.0,0.0,83.6,4.1,Good,HEMM Fleet Breakdown / Unavailability
REC_0103,Kandri Mine,Opencast,Maharashtra,2024,1,Winter,19338,17896,1442,7.46,MODERATE,38.0,37.88,0.12,0,11.8,1,87.1,79.8,37.3,4.31,4.65,-0.34,0.0,6.6,Good,Equipment Maintenance Backlog
REC_0104,Mansar Mine,Mixed,Maharashtra,2024,1,Winter,17426,14010,3416,19.6,HIGH,39.5,39.82,-0.32,0,0.7,2,82.7,76.5,50.5,4.02,3.76,0.26,69.5,15.5,Good,HEMM Fleet Breakdown / Unavailability
REC_0105,Balaghat Mine,Underground,Madhya Pradesh,2024,2,Winter,43346,34826,8520,19.66,HIGH,44.5,44.92,-0.42,0,17.6,2,79.5,71.2,100.2,0.0,0.0,0.0,69.6,3.8,Good,Shaft / Logistics Bottleneck
REC_0106,Dongri Buzurg Mine,Opencast,Maharashtra,2024,2,Winter,33873,29997,3876,11.44,MODERATE,41.0,41.34,-0.34,0,4.1,2,85.4,79.9,49.9,3.87,3.93,-0.06,0.0,8.8,Good,Equipment Maintenance Backlog
REC_0107,Tirodi Mine,Opencast,Madhya Pradesh,2024,2,Winter,25543,23716,1827,7.15,MODERATE,39.0,38.77,0.23,0,0.6,3,84.3,71.7,59.3,4.4,4.52,-0.12,0.0,6.1,Good,Equipment Maintenance Backlog
REC_0108,Chikla Mine,Underground,Maharashtra,2024,2,Winter,23809,20809,3000,12.6,MODERATE,42.5,42.4,0.1,0,0.0,1,81.7,76.2,52.7,0.0,0.0,0.0,87.2,14.7,Good,HEMM Fleet Breakdown / Unavailability
REC_0109,Gumgaon Mine,Underground,Maharashtra,2024,2,Winter,15166,12260,2906,19.16,HIGH,37.5,38.19,-0.69,0,14.5,1,84.8,78.1,48.0,0.0,0.0,0.0,83.4,24.4,Good,HEMM Fleet Breakdown / Unavailability
REC_0110,Ukwa Mine,Underground,Madhya Pradesh,2024,2,Winter,13141,10760,2381,18.12,HIGH,43.5,42.87,0.63,0,5.6,1,81.2,71.6,58.6,0.0,0.0,0.0,89.3,7.5,Good,HEMM Fleet Breakdown / Unavailability
REC_0111,Kandri Mine,Opencast,Maharashtra,2024,2,Winter,19152,15826,3326,17.37,HIGH,38.0,37.63,0.37,0,47.4,4,83.6,72.4,36.8,4.6,4.55,0.05,0.0,3.6,Good,Monsoon Flooding / Water Logging
REC_0112,Mansar Mine,Mixed,Maharashtra,2024,2,Winter,18533,15154,3379,18.23,HIGH,39.5,39.16,0.34,0,17.0,2,81.5,76.3,62.9,3.55,3.47,0.08,85.6,14.1,Good,HEMM Fleet Breakdown / Unavailability
REC_0113,Balaghat Mine,Underground,Madhya Pradesh,2024,3,Pre-Monsoon,41643,36546,5097,12.24,MODERATE,44.5,44.59,-0.09,0,12.7,4,83.8,76.3,42.5,0.0,0.0,0.0,79.3,4.5,Good,HEMM Fleet Breakdown / Unavailability
REC_0114,Dongri Buzurg Mine,Opencast,Maharashtra,2024,3,Pre-Monsoon,34312,30377,3935,11.47,MODERATE,41.0,41.0,0.0,0,12.6,4,82.2,76.5,52.0,4.73,4.45,0.28,0.0,2.0,Good,HEMM Fleet Breakdown / Unavailability
REC_0115,Tirodi Mine,Opencast,Madhya Pradesh,2024,3,Pre-Monsoon,25881,22116,3765,14.55,MODERATE,39.0,39.14,-0.14,0,6.7,1,80.0,72.4,67.7,4.32,4.44,-0.12,0.0,10.8,Good,HEMM Fleet Breakdown / Unavailability
REC_0116,Chikla Mine,Underground,Maharashtra,2024,3,Pre-Monsoon,23579,21460,2119,8.99,MODERATE,42.5,42.01,0.49,0,9.4,1,82.6,74.1,32.3,0.0,0.0,0.0,91.0,5.3,Good,HEMM Fleet Breakdown / Unavailability
REC_0117,Gumgaon Mine,Underground,Maharashtra,2024,3,Pre-Monsoon,15851,12928,2923,18.44,HIGH,37.5,37.54,-0.04,0,49.9,4,82.9,76.6,74.8,0.0,0.0,0.0,92.6,8.4,Good,Shaft / Logistics Bottleneck
REC_0118,Ukwa Mine,Underground,Madhya Pradesh,2024,3,Pre-Monsoon,13519,10455,3064,22.66,HIGH,43.5,43.31,0.19,0,26.6,4,79.1,71.1,48.0,0.0,0.0,0.0,79.8,4.9,Good,HEMM Fleet Breakdown / Unavailability
REC_0119,Kandri Mine,Opencast,Maharashtra,2024,3,Pre-Monsoon,18959,14897,4062,21.43,HIGH,38.0,37.83,0.17,0,33.0,2,80.0,75.9,96.6,4.28,4.5,-0.22,0.0,5.3,Good,Equipment Maintenance Backlog
REC_0120,Mansar Mine,Mixed,Maharashtra,2024,3,Pre-Monsoon,18446,14313,4133,22.41,HIGH,39.5,39.29,0.21,0,28.3,4,82.4,70.4,66.8,4.93,4.38,0.55,91.6,26.8,Good,HEMM Fleet Breakdown / Unavailability
REC_0121,Balaghat Mine,Underground,Madhya Pradesh,2024,4,Summer (Extreme Heat),42372,33868,8504,20.07,HIGH,44.5,44.64,-0.14,0,8.4,1,78.5,71.1,49.1,0.0,0.0,0.0,84.1,4.6,Good,HEMM Fleet Breakdown / Unavailability
REC_0122,Dongri Buzurg Mine,Opencast,Maharashtra,2024,4,Summer (Extreme Heat),34060,29065,4995,14.67,MODERATE,41.0,41.01,-0.01,0,20.9,1,78.8,71.6,44.7,4.61,4.75,-0.14,0.0,2.0,Good,HEMM Fleet Breakdown / Unavailability
REC_0123,Tirodi Mine,Opencast,Madhya Pradesh,2024,4,Summer (Extreme Heat),26474,22875,3599,13.59,MODERATE,39.0,39.57,-0.57,0,13.5,3,77.9,66.7,45.1,3.91,4.45,-0.54,0.0,11.4,Good,HEMM Fleet Breakdown / Unavailability
REC_0124,Chikla Mine,Underground,Maharashtra,2024,4,Summer (Extreme Heat),22999,17819,5180,22.52,HIGH,42.5,42.51,-0.01,0,25.4,3,75.6,68.6,55.1,0.0,0.0,0.0,73.2,6.1,Good,HEMM Fleet Breakdown / Unavailability
REC_0125,Gumgaon Mine,Underground,Maharashtra,2024,4,Summer (Extreme Heat),15205,12369,2836,18.65,HIGH,37.5,37.44,0.06,0,7.3,0,77.6,70.6,80.2,0.0,0.0,0.0,88.6,3.4,Good,Shaft / Logistics Bottleneck
REC_0126,Ukwa Mine,Underground,Madhya Pradesh,2024,4,Summer (Extreme Heat),13161,9962,3199,24.31,HIGH,43.5,42.39,1.11,0,0.0,2,74.4,66.7,48.3,0.0,0.0,0.0,86.5,2.3,Good,HEMM Fleet Breakdown / Unavailability
REC_0127,Kandri Mine,Opencast,Maharashtra,2024,4,Summer (Extreme Heat),18290,15098,3192,17.45,HIGH,38.0,38.23,-0.23,0,0.9,0,75.9,67.4,47.9,4.96,4.81,0.15,0.0,2.0,Good,HEMM Fleet Breakdown / Unavailability
REC_0128,Mansar Mine,Mixed,Maharashtra,2024,4,Summer (Extreme Heat),17483,15544,1939,11.09,MODERATE,39.5,39.23,0.27,0,8.5,1,80.0,74.0,40.8,4.74,4.46,0.28,89.7,2.0,Good,HEMM Fleet Breakdown / Unavailability
REC_0129,Balaghat Mine,Underground,Madhya Pradesh,2024,5,Summer (Extreme Heat),41530,33124,8406,20.24,HIGH,44.5,43.9,0.6,0,0.0,4,79.4,74.9,109.5,0.0,0.0,0.0,85.6,10.3,Good,Shaft / Logistics Bottleneck
REC_0130,Dongri Buzurg Mine,Opencast,Maharashtra,2024,5,Summer (Extreme Heat),33603,25185,8418,25.05,CRITICAL,41.0,40.93,0.07,0,43.3,1,78.8,73.9,109.1,4.71,4.24,0.47,0.0,20.2,Good,Equipment Maintenance Backlog
REC_0131,Tirodi Mine,Opencast,Madhya Pradesh,2024,5,Summer (Extreme Heat),26046,18845,7201,27.65,CRITICAL,39.0,38.53,0.47,0,33.0,2,73.9,67.0,141.5,4.36,5.15,-0.79,0.0,12.3,Good,HEMM Fleet Breakdown / Unavailability
REC_0132,Chikla Mine,Underground,Maharashtra,2024,5,Summer (Extreme Heat),23700,19528,4172,17.6,HIGH,42.5,42.46,0.04,0,23.3,1,78.9,70.5,51.0,0.0,0.0,0.0,82.4,9.2,Good,HEMM Fleet Breakdown / Unavailability
REC_0133,Gumgaon Mine,Underground,Maharashtra,2024,5,Summer (Extreme Heat),15927,12100,3827,24.03,HIGH,37.5,37.69,-0.19,0,33.1,4,76.3,67.8,71.8,0.0,0.0,0.0,77.5,9.1,Good,HEMM Fleet Breakdown / Unavailability
REC_0134,Ukwa Mine,Underground,Madhya Pradesh,2024,5,Summer (Extreme Heat),13428,10997,2431,18.1,HIGH,43.5,43.77,-0.27,0,45.6,3,77.9,71.6,42.1,0.0,0.0,0.0,79.6,10.1,Good,HEMM Fleet Breakdown / Unavailability
REC_0135,Kandri Mine,Opencast,Maharashtra,2024,5,Summer (Extreme Heat),19087,14652,4435,23.24,HIGH,38.0,38.13,-0.13,0,0.0,3,77.4,69.0,77.8,4.03,4.81,-0.78,0.0,2.3,Good,HEMM Fleet Breakdown / Unavailability
REC_0136,Mansar Mine,Mixed,Maharashtra,2024,5,Summer (Extreme Heat),17490,14010,3480,19.9,HIGH,39.5,39.86,-0.36,0,23.5,2,76.8,69.4,50.3,3.52,3.36,0.16,74.0,10.3,Good,HEMM Fleet Breakdown / Unavailability
REC_0137,Balaghat Mine,Underground,Madhya Pradesh,2024,6,Monsoon Start,40649,29989,10660,26.22,CRITICAL,44.5,42.1,2.4,1,177.9,12,82.9,75.9,89.0,0.0,0.0,0.0,86.4,17.4,Degraded,Shaft / Logistics Bottleneck
REC_0138,Dongri Buzurg Mine,Opencast,Maharashtra,2024,6,Monsoon Start,32613,17881,14732,45.17,CRITICAL,41.0,38.8,2.2,1,198.1,11,80.2,71.6,46.0,4.76,3.9,0.86,0.0,19.5,Degraded,Monsoon Flooding / Water Logging
REC_0139,Tirodi Mine,Opencast,Madhya Pradesh,2024,6,Monsoon Start,25339,14053,11286,44.54,CRITICAL,39.0,37.33,1.67,1,255.3,14,79.6,67.9,84.8,4.49,4.52,-0.03,0.0,28.0,Degraded,Monsoon Flooding / Water Logging
REC_0140,Chikla Mine,Underground,Maharashtra,2024,6,Monsoon Start,24008,19484,4524,18.84,HIGH,42.5,40.84,1.66,1,157.5,12,85.4,78.2,76.9,0.0,0.0,0.0,90.0,17.0,Degraded,Monsoon Flooding / Water Logging
REC_0141,Gumgaon Mine,Underground,Maharashtra,2024,6,Monsoon Start,15894,13177,2717,17.09,HIGH,37.5,35.71,1.79,1,173.7,12,83.7,78.6,43.0,0.0,0.0,0.0,86.6,7.4,Degraded,HEMM Fleet Breakdown / Unavailability
REC_0142,Ukwa Mine,Underground,Madhya Pradesh,2024,6,Monsoon Start,14108,9690,4418,31.32,CRITICAL,43.5,42.0,1.5,0,291.4,12,84.1,74.3,120.7,0.0,0.0,0.0,77.2,16.5,Degraded,Shaft / Logistics Bottleneck
REC_0143,Kandri Mine,Opencast,Maharashtra,2024,6,Monsoon Start,18507,10142,8365,45.2,CRITICAL,38.0,35.43,2.57,1,191.6,11,80.8,76.7,73.5,3.98,3.98,0.0,0.0,31.8,Degraded,Monsoon Flooding / Water Logging
REC_0144,Mansar Mine,Mixed,Maharashtra,2024,6,Monsoon Start,17451,10971,6480,37.13,CRITICAL,39.5,36.57,2.93,1,126.8,14,83.6,75.7,175.7,4.91,4.75,0.16,76.8,24.7,Degraded,Shaft / Logistics Bottleneck
REC_0145,Balaghat Mine,Underground,Madhya Pradesh,2024,7,Peak Monsoon,42782,22827,19955,46.64,CRITICAL,44.5,42.89,1.61,1,552.5,23,81.8,70.4,38.6,0.0,0.0,0.0,83.3,43.6,Degraded,Monsoon Flooding / Water Logging
REC_0146,Dongri Buzurg Mine,Opencast,Maharashtra,2024,7,Peak Monsoon,34437,12867,21570,62.64,CRITICAL,41.0,37.29,3.71,1,289.6,23,72.1,62.8,78.5,4.6,4.77,-0.17,0.0,21.1,Degraded,Monsoon Flooding / Water Logging
REC_0147,Tirodi Mine,Opencast,Madhya Pradesh,2024,7,Peak Monsoon,25210,11030,14180,56.25,CRITICAL,39.0,36.12,2.88,1,321.1,21,70.9,65.1,101.8,4.76,4.67,0.09,0.0,12.3,Impassable,Monsoon Flooding / Water Logging
REC_0148,Chikla Mine,Underground,Maharashtra,2024,7,Peak Monsoon,22430,11815,10615,47.33,CRITICAL,42.5,41.48,1.02,0,430.4,21,78.5,72.9,42.2,0.0,0.0,0.0,92.1,25.0,Degraded,Shaft / Logistics Bottleneck
REC_0149,Gumgaon Mine,Underground,Maharashtra,2024,7,Peak Monsoon,15850,9200,6650,41.96,CRITICAL,37.5,35.23,2.27,1,519.6,21,83.4,75.9,62.2,0.0,0.0,0.0,74.1,31.6,Degraded,Monsoon Flooding / Water Logging
REC_0150,Ukwa Mine,Underground,Madhya Pradesh,2024,7,Peak Monsoon,13511,7249,6262,46.35,CRITICAL,43.5,41.98,1.52,1,478.0,21,79.8,69.5,68.4,0.0,0.0,0.0,80.9,31.9,Degraded,Monsoon Flooding / Water Logging
REC_0151,Kandri Mine,Opencast,Maharashtra,2024,7,Peak Monsoon,19331,6765,12566,65.0,CRITICAL,38.0,35.26,2.74,1,363.0,21,68.6,63.4,161.6,3.8,3.66,0.14,0.0,14.3,Impassable,Monsoon Flooding / Water Logging
REC_0152,Mansar Mine,Mixed,Maharashtra,2024,7,Peak Monsoon,18463,6462,12001,65.0,CRITICAL,39.5,38.49,1.01,0,435.1,22,78.5,73.6,103.3,3.78,4.42,-0.64,80.5,22.4,Degraded,Monsoon Flooding / Water Logging
REC_0153,Balaghat Mine,Underground,Madhya Pradesh,2024,8,Peak Monsoon,41988,25432,16556,39.43,CRITICAL,44.5,41.84,2.66,1,315.4,18,79.0,70.3,127.4,0.0,0.0,0.0,79.2,18.2,Degraded,Shaft / Logistics Bottleneck
REC_0154,Dongri Buzurg Mine,Opencast,Maharashtra,2024,8,Peak Monsoon,34876,13770,21106,60.52,CRITICAL,41.0,38.14,2.86,1,270.5,18,66.9,57.3,83.0,3.55,3.51,0.04,0.0,15.4,Degraded,Monsoon Flooding / Water Logging
REC_0155,Tirodi Mine,Opencast,Madhya Pradesh,2024,8,Peak Monsoon,27167,9508,17659,65.0,CRITICAL,39.0,35.82,3.18,1,373.5,19,70.2,63.1,180.0,3.72,3.22,0.5,0.0,27.9,Impassable,Monsoon Flooding / Water Logging
REC_0156,Chikla Mine,Underground,Maharashtra,2024,8,Peak Monsoon,23963,16254,7709,32.17,CRITICAL,42.5,40.59,1.91,1,300.5,18,81.9,74.2,58.5,0.0,0.0,0.0,79.6,24.8,Degraded,Monsoon Flooding / Water Logging
REC_0157,Gumgaon Mine,Underground,Maharashtra,2024,8,Peak Monsoon,15730,10457,5273,33.52,CRITICAL,37.5,35.43,2.07,1,286.1,18,79.9,68.7,105.5,0.0,0.0,0.0,87.2,16.9,Degraded,Shaft / Logistics Bottleneck
REC_0158,Ukwa Mine,Underground,Madhya Pradesh,2024,8,Peak Monsoon,13226,8298,4928,37.26,CRITICAL,43.5,41.76,1.74,1,344.7,20,79.6,69.3,47.2,0.0,0.0,0.0,78.1,28.5,Degraded,Monsoon Flooding / Water Logging
REC_0159,Kandri Mine,Opencast,Maharashtra,2024,8,Peak Monsoon,19473,7222,12251,62.91,CRITICAL,38.0,34.86,3.14,1,323.6,21,74.1,68.5,75.2,4.33,4.07,0.26,0.0,12.0,Impassable,Monsoon Flooding / Water Logging
REC_0160,Mansar Mine,Mixed,Maharashtra,2024,8,Peak Monsoon,17667,9994,7673,43.43,CRITICAL,39.5,38.07,1.43,0,196.7,20,78.1,73.9,47.4,4.28,3.91,0.37,76.7,16.9,Degraded,Monsoon Flooding / Water Logging
REC_0161,Balaghat Mine,Underground,Madhya Pradesh,2024,9,Monsoon Retreat,43394,34097,9297,21.42,HIGH,44.5,42.56,1.94,1,129.0,13,81.9,71.0,65.8,0.0,0.0,0.0,88.3,6.5,Degraded,HEMM Fleet Breakdown / Unavailability
REC_0162,Dongri Buzurg Mine,Opencast,Maharashtra,2024,9,Monsoon Retreat,33233,18806,14427,43.41,CRITICAL,41.0,39.37,1.63,1,194.5,13,81.1,73.9,37.1,4.82,5.29,-0.47,0.0,26.0,Degraded,Monsoon Flooding / Water Logging
REC_0163,Tirodi Mine,Opencast,Madhya Pradesh,2024,9,Monsoon Retreat,27266,14761,12505,45.86,CRITICAL,39.0,36.4,2.6,1,247.4,13,82.2,77.9,69.5,3.69,3.93,-0.24,0.0,8.6,Degraded,Monsoon Flooding / Water Logging
REC_0164,Chikla Mine,Underground,Maharashtra,2024,9,Monsoon Retreat,23974,18643,5331,22.24,HIGH,42.5,41.38,1.12,0,127.1,13,80.8,74.4,47.7,0.0,0.0,0.0,92.5,11.9,Degraded,Shaft / Logistics Bottleneck
REC_0165,Gumgaon Mine,Underground,Maharashtra,2024,9,Monsoon Retreat,15742,11574,4168,26.48,CRITICAL,37.5,35.35,2.15,1,165.1,11,84.5,72.8,31.1,0.0,0.0,0.0,77.2,33.8,Degraded,Monsoon Flooding / Water Logging
REC_0166,Ukwa Mine,Underground,Madhya Pradesh,2024,9,Monsoon Retreat,13579,10967,2612,19.24,HIGH,43.5,41.68,1.82,1,129.3,13,82.4,78.1,66.8,0.0,0.0,0.0,91.8,5.9,Degraded,HEMM Fleet Breakdown / Unavailability
REC_0167,Kandri Mine,Opencast,Maharashtra,2024,9,Monsoon Retreat,18249,10423,7826,42.88,CRITICAL,38.0,36.91,1.09,0,204.2,13,79.6,68.3,39.4,4.01,4.14,-0.13,0.0,12.2,Degraded,Monsoon Flooding / Water Logging
REC_0168,Mansar Mine,Mixed,Maharashtra,2024,9,Monsoon Retreat,18220,9454,8766,48.11,CRITICAL,39.5,38.14,1.36,0,262.2,13,81.6,74.8,43.7,4.86,4.59,0.27,87.4,10.2,Degraded,Monsoon Flooding / Water Logging
REC_0169,Balaghat Mine,Underground,Madhya Pradesh,2024,10,Post-Monsoon,42156,34978,7178,17.03,HIGH,44.5,44.77,-0.27,0,42.6,5,82.2,70.0,51.2,0.0,0.0,0.0,93.3,2.0,Good,Shaft / Logistics Bottleneck
REC_0170,Dongri Buzurg Mine,Opencast,Maharashtra,2024,10,Post-Monsoon,34512,29476,5036,14.59,MODERATE,41.0,40.93,0.07,0,45.8,3,83.0,77.4,42.1,4.81,4.67,0.14,0.0,10.9,Good,Monsoon Flooding / Water Logging
REC_0171,Tirodi Mine,Opencast,Madhya Pradesh,2024,10,Post-Monsoon,25226,22227,2999,11.89,MODERATE,39.0,38.62,0.38,0,38.0,6,84.0,76.4,31.2,4.82,5.17,-0.35,0.0,26.4,Good,Monsoon Flooding / Water Logging
REC_0172,Chikla Mine,Underground,Maharashtra,2024,10,Post-Monsoon,24003,19728,4275,17.81,HIGH,42.5,42.22,0.28,0,56.2,4,84.2,71.9,59.0,0.0,0.0,0.0,76.1,23.2,Good,HEMM Fleet Breakdown / Unavailability
REC_0173,Gumgaon Mine,Underground,Maharashtra,2024,10,Post-Monsoon,15238,13326,1912,12.55,MODERATE,37.5,37.36,0.14,0,49.8,3,83.1,78.2,52.3,0.0,0.0,0.0,83.9,3.4,Good,HEMM Fleet Breakdown / Unavailability
REC_0174,Ukwa Mine,Underground,Madhya Pradesh,2024,10,Post-Monsoon,13290,11211,2079,15.64,HIGH,43.5,43.63,-0.13,0,43.4,3,82.1,71.8,57.3,0.0,0.0,0.0,80.0,9.5,Good,HEMM Fleet Breakdown / Unavailability
REC_0175,Kandri Mine,Opencast,Maharashtra,2024,10,Post-Monsoon,19052,15482,3570,18.74,HIGH,38.0,38.09,-0.09,0,47.9,5,79.1,74.3,37.7,3.56,4.18,-0.62,0.0,12.7,Good,HEMM Fleet Breakdown / Unavailability
REC_0176,Mansar Mine,Mixed,Maharashtra,2024,10,Post-Monsoon,17806,15309,2497,14.02,MODERATE,39.5,39.27,0.23,0,16.7,5,79.3,72.3,48.7,3.81,3.89,-0.08,82.1,2.0,Good,HEMM Fleet Breakdown / Unavailability
REC_0177,Balaghat Mine,Underground,Madhya Pradesh,2024,11,Post-Monsoon,43016,39044,3972,9.23,MODERATE,44.5,44.56,-0.06,0,19.8,2,87.9,77.2,81.1,0.0,0.0,0.0,88.8,9.8,Good,Shaft / Logistics Bottleneck
REC_0178,Dongri Buzurg Mine,Opencast,Maharashtra,2024,11,Post-Monsoon,32335,28742,3593,11.11,MODERATE,41.0,41.27,-0.27,0,24.9,3,80.1,71.5,54.3,4.86,5.47,-0.61,0.0,15.9,Good,HEMM Fleet Breakdown / Unavailability
REC_0179,Tirodi Mine,Opencast,Madhya Pradesh,2024,11,Post-Monsoon,26929,23182,3747,13.91,MODERATE,39.0,38.94,0.06,0,16.4,1,82.1,75.2,88.7,4.49,4.41,0.08,0.0,10.1,Good,Equipment Maintenance Backlog
REC_0180,Chikla Mine,Underground,Maharashtra,2024,11,Post-Monsoon,22769,18571,4198,18.44,HIGH,42.5,42.57,-0.07,0,23.6,0,82.1,72.7,63.8,0.0,0.0,0.0,91.3,2.0,Good,HEMM Fleet Breakdown / Unavailability
REC_0181,Gumgaon Mine,Underground,Maharashtra,2024,11,Post-Monsoon,15891,11915,3976,25.02,CRITICAL,37.5,37.44,0.06,0,18.8,2,82.0,74.0,94.2,0.0,0.0,0.0,84.5,7.8,Good,Shaft / Logistics Bottleneck
REC_0182,Ukwa Mine,Underground,Madhya Pradesh,2024,11,Post-Monsoon,14097,10820,3277,23.25,HIGH,43.5,43.28,0.22,0,7.3,1,83.7,76.6,94.8,0.0,0.0,0.0,75.1,14.4,Good,Shaft / Logistics Bottleneck
REC_0183,Kandri Mine,Opencast,Maharashtra,2024,11,Post-Monsoon,18560,15248,3312,17.84,HIGH,38.0,37.98,0.02,0,25.0,3,82.1,72.9,53.2,4.37,4.51,-0.14,0.0,27.3,Good,HEMM Fleet Breakdown / Unavailability
REC_0184,Mansar Mine,Mixed,Maharashtra,2024,11,Post-Monsoon,17886,15504,2382,13.32,MODERATE,39.5,39.33,0.17,0,11.5,1,81.7,76.7,47.8,3.73,3.82,-0.09,82.4,12.5,Good,HEMM Fleet Breakdown / Unavailability
REC_0185,Balaghat Mine,Underground,Madhya Pradesh,2024,12,Winter,41696,36065,5631,13.5,MODERATE,44.5,44.63,-0.13,0,6.7,0,83.8,78.2,59.6,0.0,0.0,0.0,91.6,10.1,Good,HEMM Fleet Breakdown / Unavailability
REC_0186,Dongri Buzurg Mine,Opencast,Maharashtra,2024,12,Winter,32621,29042,3579,10.97,MODERATE,41.0,41.21,-0.21,0,7.3,2,82.2,71.2,32.8,4.63,5.35,-0.72,0.0,27.9,Good,HEMM Fleet Breakdown / Unavailability
REC_0187,Tirodi Mine,Opencast,Madhya Pradesh,2024,12,Winter,26466,23437,3029,11.44,MODERATE,39.0,39.12,-0.12,0,6.0,3,82.1,71.0,33.3,4.96,5.27,-0.31,0.0,18.0,Good,HEMM Fleet Breakdown / Unavailability
REC_0188,Chikla Mine,Underground,Maharashtra,2024,12,Winter,23159,18973,4186,18.08,HIGH,42.5,41.91,0.59,0,4.9,2,81.2,71.5,44.3,0.0,0.0,0.0,71.9,40.9,Good,HEMM Fleet Breakdown / Unavailability
REC_0189,Gumgaon Mine,Underground,Maharashtra,2024,12,Winter,15851,12901,2950,18.61,HIGH,37.5,37.14,0.36,0,12.5,3,80.5,70.1,88.5,0.0,0.0,0.0,79.1,16.3,Good,Shaft / Logistics Bottleneck
REC_0190,Ukwa Mine,Underground,Madhya Pradesh,2024,12,Winter,13969,11652,2317,16.59,HIGH,43.5,43.39,0.11,0,18.3,3,83.4,74.9,57.3,0.0,0.0,0.0,84.0,9.8,Good,HEMM Fleet Breakdown / Unavailability
REC_0191,Kandri Mine,Opencast,Maharashtra,2024,12,Winter,19344,14542,4802,24.82,HIGH,38.0,37.63,0.37,0,9.7,3,82.2,70.6,81.3,4.24,3.98,0.26,0.0,4.6,Good,Equipment Maintenance Backlog
REC_0192,Mansar Mine,Mixed,Maharashtra,2024,12,Winter,17939,13424,4515,25.17,CRITICAL,39.5,39.53,-0.03,0,20.5,3,80.3,72.9,105.7,4.97,4.49,0.48,79.3,18.0,Good,Shaft / Logistics Bottleneck
REC_0193,Balaghat Mine,Underground,Madhya Pradesh,2025,1,Winter,42945,37543,5402,12.58,MODERATE,44.5,44.52,-0.02,0,21.3,3,82.7,72.9,41.4,0.0,0.0,0.0,87.8,18.0,Good,HEMM Fleet Breakdown / Unavailability
REC_0194,Dongri Buzurg Mine,Opencast,Maharashtra,2025,1,Winter,35573,23973,11600,32.61,CRITICAL,41.0,41.15,-0.15,0,20.6,0,81.6,71.1,143.6,3.51,3.17,0.34,0.0,65.0,Good,Equipment Maintenance Backlog
REC_0195,Tirodi Mine,Opencast,Madhya Pradesh,2025,1,Winter,27048,22928,4120,15.23,HIGH,39.0,39.46,-0.46,0,16.1,0,85.1,80.3,87.3,4.71,4.57,0.14,0.0,2.0,Good,Equipment Maintenance Backlog
REC_0196,Chikla Mine,Underground,Maharashtra,2025,1,Winter,23774,19821,3953,16.63,HIGH,42.5,42.56,-0.06,0,6.4,3,82.1,70.7,90.0,0.0,0.0,0.0,77.6,35.6,Good,Shaft / Logistics Bottleneck
REC_0197,Gumgaon Mine,Underground,Maharashtra,2025,1,Winter,15941,12382,3559,22.33,HIGH,37.5,37.02,0.48,0,23.6,3,82.1,71.0,75.6,0.0,0.0,0.0,73.2,24.7,Good,HEMM Fleet Breakdown / Unavailability
REC_0198,Ukwa Mine,Underground,Madhya Pradesh,2025,1,Winter,13902,11080,2822,20.3,HIGH,43.5,43.86,-0.36,0,5.9,2,80.0,69.8,71.8,0.0,0.0,0.0,66.0,46.5,Good,HEMM Fleet Breakdown / Unavailability
REC_0199,Kandri Mine,Opencast,Maharashtra,2025,1,Winter,20034,17703,2331,11.64,MODERATE,38.0,38.16,-0.16,0,0.0,1,81.0,73.3,69.7,4.29,4.92,-0.63,0.0,4.3,Good,HEMM Fleet Breakdown / Unavailability
REC_0200,Mansar Mine,Mixed,Maharashtra,2025,1,Winter,18131,16064,2067,11.4,MODERATE,39.5,39.4,0.1,0,0.0,2,80.9,71.0,39.5,4.44,5.15,-0.71,77.0,3.9,Good,HEMM Fleet Breakdown / Unavailability
REC_0201,Balaghat Mine,Underground,Madhya Pradesh,2025,2,Winter,45194,37263,7931,17.55,HIGH,44.5,44.69,-0.19,0,19.6,1,82.9,77.7,60.4,0.0,0.0,0.0,73.6,29.2,Good,HEMM Fleet Breakdown / Unavailability
REC_0202,Dongri Buzurg Mine,Opencast,Maharashtra,2025,2,Winter,34854,30673,4181,12.0,MODERATE,41.0,41.03,-0.03,0,19.8,1,81.9,73.7,49.7,4.45,4.24,0.21,0.0,13.8,Good,HEMM Fleet Breakdown / Unavailability
REC_0203,Tirodi Mine,Opencast,Madhya Pradesh,2025,2,Winter,27055,21614,5441,20.11,HIGH,39.0,39.19,-0.19,0,20.0,1,82.1,72.9,102.5,4.21,4.6,-0.39,0.0,2.1,Good,Equipment Maintenance Backlog
REC_0204,Chikla Mine,Underground,Maharashtra,2025,2,Winter,23237,17388,5849,25.17,CRITICAL,42.5,42.7,-0.2,0,15.1,1,81.2,75.9,42.2,0.0,0.0,0.0,79.0,26.0,Good,HEMM Fleet Breakdown / Unavailability
REC_0205,Gumgaon Mine,Underground,Maharashtra,2025,2,Winter,16642,14138,2504,15.05,HIGH,37.5,37.41,0.09,0,7.3,2,82.6,74.1,61.6,0.0,0.0,0.0,79.3,2.0,Good,HEMM Fleet Breakdown / Unavailability
REC_0206,Ukwa Mine,Underground,Madhya Pradesh,2025,2,Winter,14669,12890,1779,12.13,MODERATE,43.5,43.73,-0.23,0,20.3,3,82.9,70.6,47.5,0.0,0.0,0.0,80.2,8.8,Good,HEMM Fleet Breakdown / Unavailability
REC_0207,Kandri Mine,Opencast,Maharashtra,2025,2,Winter,19950,18173,1777,8.91,MODERATE,38.0,38.33,-0.33,0,0.0,4,83.2,74.5,41.1,3.83,4.05,-0.22,0.0,2.0,Good,HEMM Fleet Breakdown / Unavailability
REC_0208,Mansar Mine,Mixed,Maharashtra,2025,2,Winter,18066,15736,2330,12.9,MODERATE,39.5,39.52,-0.02,0,2.8,1,80.9,68.9,46.5,4.66,5.52,-0.86,84.0,5.7,Good,HEMM Fleet Breakdown / Unavailability
REC_0209,Balaghat Mine,Underground,Madhya Pradesh,2025,3,Pre-Monsoon,45221,36785,8436,18.66,HIGH,44.5,44.29,0.21,0,30.0,4,84.2,72.8,108.9,0.0,0.0,0.0,84.5,12.1,Good,Shaft / Logistics Bottleneck
REC_0210,Dongri Buzurg Mine,Opencast,Maharashtra,2025,3,Pre-Monsoon,35683,31512,4171,11.69,MODERATE,41.0,40.9,0.1,0,21.5,4,80.2,75.9,38.4,4.05,3.96,0.09,0.0,3.8,Good,HEMM Fleet Breakdown / Unavailability
REC_0211,Tirodi Mine,Opencast,Madhya Pradesh,2025,3,Pre-Monsoon,27769,20343,7426,26.74,CRITICAL,39.0,39.37,-0.37,0,26.7,3,82.2,74.2,115.0,3.75,3.3,0.45,0.0,36.2,Good,Equipment Maintenance Backlog
REC_0212,Chikla Mine,Underground,Maharashtra,2025,3,Pre-Monsoon,24275,18134,6141,25.3,CRITICAL,42.5,42.5,0.0,0,11.2,3,79.5,75.2,63.2,0.0,0.0,0.0,80.8,3.7,Good,HEMM Fleet Breakdown / Unavailability
REC_0213,Gumgaon Mine,Underground,Maharashtra,2025,3,Pre-Monsoon,15940,12886,3054,19.16,HIGH,37.5,37.59,-0.09,0,32.1,2,80.9,70.2,55.9,0.0,0.0,0.0,90.7,8.9,Good,HEMM Fleet Breakdown / Unavailability
REC_0214,Ukwa Mine,Underground,Madhya Pradesh,2025,3,Pre-Monsoon,13884,10687,3197,23.03,HIGH,43.5,43.6,-0.1,0,30.3,3,80.2,75.9,43.3,0.0,0.0,0.0,86.7,37.3,Good,HEMM Fleet Breakdown / Unavailability
REC_0215,Kandri Mine,Opencast,Maharashtra,2025,3,Pre-Monsoon,19419,15174,4245,21.86,HIGH,38.0,38.16,-0.16,0,46.3,3,81.1,69.0,34.5,4.74,5.07,-0.33,0.0,15.9,Good,Monsoon Flooding / Water Logging
REC_0216,Mansar Mine,Mixed,Maharashtra,2025,3,Pre-Monsoon,19398,17604,1794,9.25,MODERATE,39.5,39.41,0.09,0,20.5,4,86.1,75.3,60.9,4.5,4.58,-0.08,83.9,18.4,Good,Equipment Maintenance Backlog
REC_0217,Balaghat Mine,Underground,Madhya Pradesh,2025,4,Summer (Extreme Heat),42271,32272,9999,23.65,HIGH,44.5,44.52,-0.02,0,15.0,0,80.2,68.5,93.5,0.0,0.0,0.0,83.9,2.9,Good,Shaft / Logistics Bottleneck
REC_0218,Dongri Buzurg Mine,Opencast,Maharashtra,2025,4,Summer (Extreme Heat),34506,30261,4245,12.3,MODERATE,41.0,39.62,1.38,0,9.4,3,74.5,64.2,57.8,4.1,4.64,-0.54,0.0,17.2,Good,HEMM Fleet Breakdown / Unavailability
REC_0219,Tirodi Mine,Opencast,Madhya Pradesh,2025,4,Summer (Extreme Heat),27185,20294,6891,25.35,CRITICAL,39.0,39.2,-0.2,0,20.9,1,76.9,68.6,107.3,4.85,5.62,-0.77,0.0,25.9,Good,HEMM Fleet Breakdown / Unavailability
REC_0220,Chikla Mine,Underground,Maharashtra,2025,4,Summer (Extreme Heat),23674,18573,5101,21.55,HIGH,42.5,42.73,-0.23,0,4.1,3,78.2,69.8,69.7,0.0,0.0,0.0,94.9,4.1,Good,Shaft / Logistics Bottleneck
REC_0221,Gumgaon Mine,Underground,Maharashtra,2025,4,Summer (Extreme Heat),17089,14104,2985,17.47,HIGH,37.5,37.19,0.31,0,12.1,3,79.0,74.2,65.3,0.0,0.0,0.0,86.3,3.1,Good,HEMM Fleet Breakdown / Unavailability
REC_0222,Ukwa Mine,Underground,Madhya Pradesh,2025,4,Summer (Extreme Heat),14407,11305,3102,21.53,HIGH,43.5,43.87,-0.37,0,15.9,2,79.2,74.8,62.2,0.0,0.0,0.0,92.1,22.2,Good,Shaft / Logistics Bottleneck
REC_0223,Kandri Mine,Opencast,Maharashtra,2025,4,Summer (Extreme Heat),20229,14773,5456,26.97,CRITICAL,38.0,37.68,0.32,0,4.3,1,71.5,61.1,63.3,4.9,4.4,0.5,0.0,6.1,Good,HEMM Fleet Breakdown / Unavailability
REC_0224,Mansar Mine,Mixed,Maharashtra,2025,4,Summer (Extreme Heat),18043,14717,3326,18.43,HIGH,39.5,39.3,0.2,0,28.7,3,77.6,68.3,53.0,3.85,3.36,0.49,88.6,23.6,Good,HEMM Fleet Breakdown / Unavailability
REC_0225,Balaghat Mine,Underground,Madhya Pradesh,2025,5,Summer (Extreme Heat),43385,31231,12154,28.01,CRITICAL,44.5,44.15,0.35,0,38.0,2,80.2,70.9,180.0,0.0,0.0,0.0,71.0,18.5,Good,Shaft / Logistics Bottleneck
REC_0226,Dongri Buzurg Mine,Opencast,Maharashtra,2025,5,Summer (Extreme Heat),34864,27533,7331,21.03,HIGH,41.0,40.55,0.45,0,27.1,3,76.0,70.6,73.8,4.93,4.72,0.21,0.0,2.0,Good,HEMM Fleet Breakdown / Unavailability
REC_0227,Tirodi Mine,Opencast,Madhya Pradesh,2025,5,Summer (Extreme Heat),27052,22212,4840,17.89,HIGH,39.0,38.87,0.13,0,39.6,2,77.3,71.2,47.5,4.96,5.44,-0.48,0.0,3.7,Good,HEMM Fleet Breakdown / Unavailability
REC_0228,Chikla Mine,Underground,Maharashtra,2025,5,Summer (Extreme Heat),23291,16261,7030,30.18,CRITICAL,42.5,43.0,-0.5,0,39.1,1,77.1,73.1,109.2,0.0,0.0,0.0,72.2,15.8,Good,Shaft / Logistics Bottleneck
REC_0229,Gumgaon Mine,Underground,Maharashtra,2025,5,Summer (Extreme Heat),17090,12610,4480,26.21,CRITICAL,37.5,37.52,-0.02,0,0.0,3,77.4,68.7,123.7,0.0,0.0,0.0,84.0,11.5,Good,Shaft / Logistics Bottleneck
REC_0230,Ukwa Mine,Underground,Madhya Pradesh,2025,5,Summer (Extreme Heat),14535,9760,4775,32.85,CRITICAL,43.5,43.92,-0.42,0,68.9,1,75.2,69.3,114.2,0.0,0.0,0.0,76.7,4.7,Good,Shaft / Logistics Bottleneck
REC_0231,Kandri Mine,Opencast,Maharashtra,2025,5,Summer (Extreme Heat),19636,15643,3993,20.34,HIGH,38.0,38.01,-0.01,0,17.8,3,77.1,71.9,65.5,3.61,3.44,0.17,0.0,23.4,Good,HEMM Fleet Breakdown / Unavailability
REC_0232,Mansar Mine,Mixed,Maharashtra,2025,5,Summer (Extreme Heat),18322,15120,3202,17.48,HIGH,39.5,39.34,0.16,0,26.5,4,77.1,67.9,56.5,4.43,4.27,0.16,91.7,7.1,Good,HEMM Fleet Breakdown / Unavailability
REC_0233,Balaghat Mine,Underground,Madhya Pradesh,2025,6,Monsoon Start,44652,33950,10702,23.97,HIGH,44.5,44.39,0.11,0,108.2,11,83.0,78.7,84.5,0.0,0.0,0.0,72.0,19.5,Good,Shaft / Logistics Bottleneck
REC_0234,Dongri Buzurg Mine,Opencast,Maharashtra,2025,6,Monsoon Start,36003,19269,16734,46.48,CRITICAL,41.0,39.02,1.98,1,204.1,11,79.8,68.4,61.9,3.77,3.16,0.61,0.0,21.4,Degraded,Monsoon Flooding / Water Logging
REC_0235,Tirodi Mine,Opencast,Madhya Pradesh,2025,6,Monsoon Start,26981,19020,7961,29.51,CRITICAL,39.0,38.78,0.22,0,110.2,12,83.0,75.2,71.5,3.72,3.17,0.55,0.0,14.5,Good,Monsoon Flooding / Water Logging
REC_0236,Chikla Mine,Underground,Maharashtra,2025,6,Monsoon Start,24579,18142,6437,26.19,CRITICAL,42.5,40.14,2.36,1,145.1,12,82.8,70.5,148.3,0.0,0.0,0.0,88.5,19.6,Degraded,Shaft / Logistics Bottleneck
REC_0237,Gumgaon Mine,Underground,Maharashtra,2025,6,Monsoon Start,16628,13416,3212,19.32,HIGH,37.5,37.03,0.47,0,143.7,11,83.1,75.7,38.8,0.0,0.0,0.0,73.9,38.4,Degraded,HEMM Fleet Breakdown / Unavailability
REC_0238,Ukwa Mine,Underground,Madhya Pradesh,2025,6,Monsoon Start,14445,10091,4354,30.14,CRITICAL,43.5,40.49,3.01,1,213.0,11,82.0,77.5,50.3,0.0,0.0,0.0,78.9,20.5,Degraded,Monsoon Flooding / Water Logging
REC_0239,Kandri Mine,Opencast,Maharashtra,2025,6,Monsoon Start,20193,11314,8879,43.97,CRITICAL,38.0,35.96,2.04,1,178.7,13,81.2,73.1,54.1,4.99,4.87,0.12,0.0,9.1,Degraded,Monsoon Flooding / Water Logging
REC_0240,Mansar Mine,Mixed,Maharashtra,2025,6,Monsoon Start,18257,10514,7743,42.41,CRITICAL,39.5,37.4,2.1,1,232.7,13,81.8,69.7,42.7,3.82,4.19,-0.37,75.3,8.5,Degraded,Monsoon Flooding / Water Logging
REC_0241,Balaghat Mine,Underground,Madhya Pradesh,2025,7,Peak Monsoon,44608,29238,15370,34.46,CRITICAL,44.5,42.02,2.48,1,410.6,22,81.2,71.3,87.9,0.0,0.0,0.0,84.6,17.2,Degraded,Monsoon Flooding / Water Logging
REC_0242,Dongri Buzurg Mine,Opencast,Maharashtra,2025,7,Peak Monsoon,34995,12248,22747,65.0,CRITICAL,41.0,38.3,2.7,1,323.5,20,68.7,61.0,135.3,4.5,4.39,0.11,0.0,29.4,Impassable,Monsoon Flooding / Water Logging
REC_0243,Tirodi Mine,Opencast,Madhya Pradesh,2025,7,Peak Monsoon,27340,9569,17771,65.0,CRITICAL,39.0,36.76,2.24,1,529.4,20,68.6,61.2,80.8,4.68,5.2,-0.52,0.0,28.4,Impassable,Monsoon Flooding / Water Logging
REC_0244,Chikla Mine,Underground,Maharashtra,2025,7,Peak Monsoon,23254,15761,7493,32.22,CRITICAL,42.5,40.38,2.12,1,304.5,20,80.8,69.3,41.7,0.0,0.0,0.0,79.8,23.2,Degraded,Monsoon Flooding / Water Logging
REC_0245,Gumgaon Mine,Underground,Maharashtra,2025,7,Peak Monsoon,15985,10112,5873,36.74,CRITICAL,37.5,35.23,2.27,1,304.4,23,79.0,71.5,48.1,0.0,0.0,0.0,79.8,34.9,Degraded,HEMM Fleet Breakdown / Unavailability
REC_0246,Ukwa Mine,Underground,Madhya Pradesh,2025,7,Peak Monsoon,14627,9544,5083,34.75,CRITICAL,43.5,43.21,0.29,0,337.6,21,82.0,76.9,36.2,0.0,0.0,0.0,82.1,17.2,Degraded,Monsoon Flooding / Water Logging
REC_0247,Kandri Mine,Opencast,Maharashtra,2025,7,Peak Monsoon,20368,7128,13240,65.0,CRITICAL,38.0,35.97,2.03,1,449.1,22,73.0,65.1,49.0,3.94,4.87,-0.93,0.0,30.3,Impassable,Monsoon Flooding / Water Logging
REC_0248,Mansar Mine,Mixed,Maharashtra,2025,7,Peak Monsoon,19243,8568,10675,55.47,CRITICAL,39.5,38.52,0.98,0,345.0,20,77.9,66.9,40.4,3.75,3.73,0.02,79.8,16.7,Degraded,Monsoon Flooding / Water Logging
REC_0249,Balaghat Mine,Underground,Madhya Pradesh,2025,8,Peak Monsoon,44379,29615,14764,33.27,CRITICAL,44.5,42.26,2.24,1,240.7,19,80.3,70.9,83.9,0.0,0.0,0.0,74.8,18.2,Degraded,Shaft / Logistics Bottleneck
REC_0250,Dongri Buzurg Mine,Opencast,Maharashtra,2025,8,Peak Monsoon,36246,12686,23560,65.0,CRITICAL,41.0,38.89,2.11,1,285.0,19,77.2,69.5,59.6,4.81,4.59,0.22,0.0,11.0,Degraded,Monsoon Flooding / Water Logging
REC_0251,Tirodi Mine,Opencast,Madhya Pradesh,2025,8,Peak Monsoon,26714,9349,17365,65.0,CRITICAL,39.0,36.1,2.9,1,288.7,19,72.3,66.4,101.7,4.93,5.1,-0.17,0.0,27.6,Degraded,Monsoon Flooding / Water Logging
REC_0252,Chikla Mine,Underground,Maharashtra,2025,8,Peak Monsoon,24946,14924,10022,40.17,CRITICAL,42.5,41.06,1.44,0,387.2,21,80.6,74.3,61.8,0.0,0.0,0.0,85.0,35.1,Degraded,Monsoon Flooding / Water Logging
REC_0253,Gumgaon Mine,Underground,Maharashtra,2025,8,Peak Monsoon,16435,11342,5093,30.99,CRITICAL,37.5,35.19,2.31,1,299.3,20,78.9,67.2,56.4,0.0,0.0,0.0,61.8,22.5,Degraded,HEMM Fleet Breakdown / Unavailability
REC_0254,Ukwa Mine,Underground,Madhya Pradesh,2025,8,Peak Monsoon,14698,9358,5340,36.33,CRITICAL,43.5,41.9,1.6,1,363.4,19,80.9,75.3,54.2,0.0,0.0,0.0,73.4,17.3,Degraded,Monsoon Flooding / Water Logging
REC_0255,Kandri Mine,Opencast,Maharashtra,2025,8,Peak Monsoon,19743,7752,11991,60.74,CRITICAL,38.0,37.07,0.93,0,299.9,21,76.5,67.9,104.6,4.76,4.84,-0.08,0.0,15.6,Degraded,Monsoon Flooding / Water Logging
REC_0256,Mansar Mine,Mixed,Maharashtra,2025,8,Peak Monsoon,18024,10749,7275,40.36,CRITICAL,39.5,38.47,1.03,0,232.1,19,82.4,76.2,88.6,4.28,4.12,0.16,75.1,19.4,Degraded,Monsoon Flooding / Water Logging
REC_0257,Balaghat Mine,Underground,Madhya Pradesh,2025,9,Monsoon Retreat,45374,29921,15453,34.06,CRITICAL,44.5,43.58,0.92,0,207.8,12,81.9,73.2,84.7,0.0,0.0,0.0,83.1,24.0,Degraded,Shaft / Logistics Bottleneck
REC_0258,Dongri Buzurg Mine,Opencast,Maharashtra,2025,9,Monsoon Retreat,34879,21008,13871,39.77,CRITICAL,41.0,39.29,1.71,1,157.2,13,81.6,72.8,116.6,4.26,4.53,-0.27,0.0,7.7,Degraded,Monsoon Flooding / Water Logging
REC_0259,Tirodi Mine,Opencast,Madhya Pradesh,2025,9,Monsoon Retreat,28208,16133,12075,42.81,CRITICAL,39.0,37.54,1.46,0,245.4,13,82.7,74.7,66.6,4.62,4.56,0.06,0.0,29.2,Degraded,Monsoon Flooding / Water Logging
REC_0260,Chikla Mine,Underground,Maharashtra,2025,9,Monsoon Retreat,24826,20729,4097,16.5,HIGH,42.5,41.27,1.23,0,125.7,11,82.2,76.1,39.4,0.0,0.0,0.0,87.0,5.3,Degraded,HEMM Fleet Breakdown / Unavailability
REC_0261,Gumgaon Mine,Underground,Maharashtra,2025,9,Monsoon Retreat,15881,11874,4007,25.23,CRITICAL,37.5,35.8,1.7,1,173.4,10,82.2,76.9,85.6,0.0,0.0,0.0,71.1,14.4,Degraded,Shaft / Logistics Bottleneck
REC_0262,Ukwa Mine,Underground,Madhya Pradesh,2025,9,Monsoon Retreat,13835,8842,4993,36.09,CRITICAL,43.5,41.17,2.33,1,153.8,13,81.9,70.4,180.0,0.0,0.0,0.0,83.0,9.9,Degraded,Shaft / Logistics Bottleneck
REC_0263,Kandri Mine,Opencast,Maharashtra,2025,9,Monsoon Retreat,20588,14337,6251,30.36,CRITICAL,38.0,37.24,0.76,0,139.2,13,80.1,74.9,54.1,3.52,3.61,-0.09,0.0,4.8,Degraded,Monsoon Flooding / Water Logging
REC_0264,Mansar Mine,Mixed,Maharashtra,2025,9,Monsoon Retreat,18414,10009,8405,45.64,CRITICAL,39.5,37.57,1.93,1,214.2,12,82.3,75.1,101.9,4.38,3.57,0.81,83.2,24.1,Degraded,Monsoon Flooding / Water Logging
REC_0265,Balaghat Mine,Underground,Madhya Pradesh,2025,10,Post-Monsoon,43045,32850,10195,23.68,HIGH,44.5,43.62,0.88,0,75.6,5,78.3,71.4,74.2,0.0,0.0,0.0,70.8,10.1,Good,HEMM Fleet Breakdown / Unavailability
REC_0266,Dongri Buzurg Mine,Opencast,Maharashtra,2025,10,Post-Monsoon,36216,29280,6936,19.15,HIGH,41.0,41.59,-0.59,0,59.0,4,83.7,74.9,68.7,4.52,4.3,0.22,0.0,4.2,Good,Monsoon Flooding / Water Logging
REC_0267,Tirodi Mine,Opencast,Madhya Pradesh,2025,10,Post-Monsoon,27933,25398,2535,9.08,MODERATE,39.0,39.67,-0.67,0,45.1,3,86.1,80.2,43.7,3.81,3.67,0.14,0.0,2.0,Good,Monsoon Flooding / Water Logging
REC_0268,Chikla Mine,Underground,Maharashtra,2025,10,Post-Monsoon,25068,17191,7877,31.42,CRITICAL,42.5,42.57,-0.07,0,48.4,3,81.0,74.5,98.0,0.0,0.0,0.0,74.2,7.8,Good,Shaft / Logistics Bottleneck
REC_0269,Gumgaon Mine,Underground,Maharashtra,2025,10,Post-Monsoon,16205,13587,2618,16.16,HIGH,37.5,37.47,0.03,0,22.0,6,83.1,75.5,72.9,0.0,0.0,0.0,84.0,2.0,Good,HEMM Fleet Breakdown / Unavailability
REC_0270,Ukwa Mine,Underground,Madhya Pradesh,2025,10,Post-Monsoon,14433,11411,3022,20.94,HIGH,43.5,43.59,-0.09,0,61.2,5,81.5,76.3,109.3,0.0,0.0,0.0,87.0,6.1,Good,Shaft / Logistics Bottleneck
REC_0271,Kandri Mine,Opencast,Maharashtra,2025,10,Post-Monsoon,19744,15185,4559,23.09,HIGH,38.0,37.45,0.55,0,46.5,5,80.4,71.8,53.0,4.5,4.85,-0.35,0.0,28.2,Good,HEMM Fleet Breakdown / Unavailability
REC_0272,Mansar Mine,Mixed,Maharashtra,2025,10,Post-Monsoon,19132,16936,2196,11.48,MODERATE,39.5,39.19,0.31,0,21.1,5,81.7,71.6,36.7,3.75,4.43,-0.68,78.3,19.9,Good,HEMM Fleet Breakdown / Unavailability
REC_0273,Balaghat Mine,Underground,Madhya Pradesh,2025,11,Post-Monsoon,43058,31377,11681,27.13,CRITICAL,44.5,44.95,-0.45,0,11.2,0,81.7,71.9,162.6,0.0,0.0,0.0,88.8,2.4,Good,Shaft / Logistics Bottleneck
REC_0274,Dongri Buzurg Mine,Opencast,Maharashtra,2025,11,Post-Monsoon,34647,29831,4816,13.9,MODERATE,41.0,40.81,0.19,0,13.8,3,81.4,69.8,55.1,3.96,4.67,-0.71,0.0,21.2,Good,HEMM Fleet Breakdown / Unavailability
REC_0275,Tirodi Mine,Opencast,Madhya Pradesh,2025,11,Post-Monsoon,27408,24435,2973,10.85,MODERATE,39.0,38.24,0.76,0,20.4,2,82.5,75.6,39.3,3.57,3.5,0.07,0.0,18.1,Good,HEMM Fleet Breakdown / Unavailability
REC_0276,Chikla Mine,Underground,Maharashtra,2025,11,Post-Monsoon,24502,19115,5387,21.99,HIGH,42.5,42.42,0.08,0,34.9,3,81.4,76.2,51.7,0.0,0.0,0.0,90.3,5.9,Good,HEMM Fleet Breakdown / Unavailability
REC_0277,Gumgaon Mine,Underground,Maharashtra,2025,11,Post-Monsoon,16006,12674,3332,20.82,HIGH,37.5,37.43,0.07,0,17.6,0,80.1,75.0,53.9,0.0,0.0,0.0,75.0,2.3,Good,HEMM Fleet Breakdown / Unavailability
REC_0278,Ukwa Mine,Underground,Madhya Pradesh,2025,11,Post-Monsoon,14705,11363,3342,22.73,HIGH,43.5,43.2,0.3,0,17.3,2,82.4,77.7,154.2,0.0,0.0,0.0,88.7,10.7,Good,Shaft / Logistics Bottleneck
REC_0279,Kandri Mine,Opencast,Maharashtra,2025,11,Post-Monsoon,20271,15255,5016,24.74,HIGH,38.0,38.2,-0.2,0,7.8,0,80.7,73.3,49.1,4.98,3.99,0.99,0.0,10.9,Good,HEMM Fleet Breakdown / Unavailability
REC_0280,Mansar Mine,Mixed,Maharashtra,2025,11,Post-Monsoon,18850,15802,3048,16.17,HIGH,39.5,39.22,0.28,0,28.7,0,80.5,72.1,50.2,3.64,3.46,0.18,88.6,2.0,Good,HEMM Fleet Breakdown / Unavailability
REC_0281,Balaghat Mine,Underground,Madhya Pradesh,2025,12,Winter,43078,37016,6062,14.07,MODERATE,44.5,44.68,-0.18,0,4.0,2,82.9,76.8,55.9,0.0,0.0,0.0,94.2,14.7,Good,Shaft / Logistics Bottleneck
REC_0282,Dongri Buzurg Mine,Opencast,Maharashtra,2025,12,Winter,35786,30248,5538,15.48,HIGH,41.0,40.37,0.63,0,20.1,1,82.8,73.2,56.0,4.42,4.41,0.01,0.0,9.0,Good,Equipment Maintenance Backlog
REC_0283,Tirodi Mine,Opencast,Madhya Pradesh,2025,12,Winter,28246,21865,6381,22.59,HIGH,39.0,39.47,-0.47,0,18.3,0,79.6,70.4,58.6,4.66,4.38,0.28,0.0,30.2,Good,HEMM Fleet Breakdown / Unavailability
REC_0284,Chikla Mine,Underground,Maharashtra,2025,12,Winter,23618,18844,4774,20.21,HIGH,42.5,42.53,-0.03,0,8.6,2,79.9,69.8,75.7,0.0,0.0,0.0,87.9,6.2,Good,HEMM Fleet Breakdown / Unavailability
REC_0285,Gumgaon Mine,Underground,Maharashtra,2025,12,Winter,16863,13136,3727,22.1,HIGH,37.5,37.82,-0.32,0,15.8,2,80.8,71.1,36.0,0.0,0.0,0.0,72.1,12.7,Good,HEMM Fleet Breakdown / Unavailability
REC_0286,Ukwa Mine,Underground,Madhya Pradesh,2025,12,Winter,13948,9475,4473,32.07,CRITICAL,43.5,43.17,0.33,0,13.2,0,78.2,72.3,50.6,0.0,0.0,0.0,89.0,55.8,Good,HEMM Fleet Breakdown / Unavailability
REC_0287,Kandri Mine,Opencast,Maharashtra,2025,12,Winter,19133,16589,2544,13.3,MODERATE,38.0,37.7,0.3,0,0.3,2,81.1,76.5,55.1,3.8,3.79,0.01,0.0,2.2,Good,HEMM Fleet Breakdown / Unavailability
REC_0288,Mansar Mine,Mixed,Maharashtra,2025,12,Winter,18360,15662,2698,14.69,MODERATE,39.5,40.02,-0.52,0,4.1,2,79.0,69.1,60.1,4.49,4.16,0.33,88.5,10.5,Good,HEMM Fleet Breakdown / Unavailability
