name,state,district,latitude,longitude,host_rock,formation,source,deposit_type,reserve,grade,metallogenic_belt,metallogenic_zone_no,occurrence_id
BALAGHAT,Chhattisgarh,Unknown,21.8166666667,80.1666666667,"PHYLLITE,QUARTZITE",LOHANGI Fm..,GSI Mineral Occurrence,Primary Deposit,Documented GSI Occurrence,Historical GSI Record,SAUSAR Mn ZONE,XXIX,MN_IND_0001
HARENABALLI,Karnataka,Unknown,13.3166666667,76.7166666667,METAVOLCANICS-METASEDIMENTS,BABABUDAN (DHARWAR),GSI Mineral Occurrence,Primary Deposit,Documented GSI Occurrence,Historical GSI Record,CHITRADURGA POLYMETALLIC PROVINCE,XVII,MN_IND_0002
HULLIKATTE,Karnataka,Unknown,14.5,76.1166666667,"BFQ,PHYLLITE",BABABUDAN (DHARWAR),GSI Mineral Occurrence,Primary Deposit,Documented GSI Occurrence,Historical GSI Record,CHITRADURGA POLYMETALLIC PROVINCE,XVII,MN_IND_0003
KAREKUCHI,Karnataka,Unknown,13.3333333333,76.7027777778,"BHQ,METAPELITE,METAVOLCANICS",BABABUDAN (DHARWAR),GSI Mineral Occurrence,Primary Deposit,Documented GSI Occurrence,Historical GSI Record,CHITRADURGA POLYMETALLIC PROVINCE,XVII,MN_IND_0004
DEVADA,Andhra Pradesh,Unknown,18.2666666667,83.55,KHONDALITE,EASTERN GHAT Sgp.,GSI Mineral Occurrence,Primary Deposit,Documented GSI Occurrence,Historical GSI Record,EASTERNGHAT AI-Mn PROVINCE,XXII,MN_IND_0005
GARBHAM,Andhra Pradesh,Unknown,18.3666666667,83.4833333333,KHONDALITE,EASTERN GHAT Sgp.,GSI Mineral Occurrence,Primary Deposit,Documented GSI Occurrence,Historical GSI Record,EASTERNGHAT AI-Mn PROVINCE,XXII,MN_IND_0006
NISHIKHAL,Odisha,Unknown,19.2166666667,83.2166666667,KHONDALITE,EASTERN GHAT Sgp.,GSI Mineral Occurrence,Primary Deposit,Documented GSI Occurrence,Historical GSI Record,EASTERNGHAT AI-Mn PROVINCE,XXII,MN_IND_0007
CODGUI,Goa,Unknown,15.5083333333,74.1333333333,LATERITE,DHARWAR Sgp.,GSI Mineral Occurrence,Primary Deposit,Documented GSI Occurrence,Historical GSI Record,GOA Fe-Mn BELT,XLVII,MN_IND_0008
COLAMBA,Goa,Unknown,15.1333333333,74.1166666667,MANGANIFEROUS PHYLLITE,DHARWAR Sgp.,GSI Mineral Occurrence,Primary Deposit,Documented GSI Occurrence,Historical GSI Record,GOA Fe-Mn BELT,XLVII,MN_IND_0009
SULKORNA,Goa,Unknown,15.0,74.1666666667,MANGANIFEROUS PHYLLITE,DHARWAR Sgp.,GSI Mineral Occurrence,Primary Deposit,Documented GSI Occurrence,Historical GSI Record,GOA Fe-Mn BELT,XLVII,MN_IND_0010
PIMPERGUDA-PIMPERKUNTA,Andhra Pradesh,Unknown,19.7333333333,78.4666666667,"LIMESTONE,SHALE,CHERT",PENGANGA Gp.,GSI Mineral Occurrence,Primary Deposit,Documented GSI Occurrence,Historical GSI Record,Other Regional Mn Belt,N/A,MN_IND_0011
PIMPERKUNTA,Andhra Pradesh,Unknown,19.75,78.4666666667,"LIMESTONE,SHALE,CHERT",PENGANGA Gp.,GSI Mineral Occurrence,Primary Deposit,Documented GSI Occurrence,Historical GSI Record,Other Regional Mn Belt,N/A,MN_IND_0012
KOIRA,Odisha,Unknown,21.9,85.25,"SHALE,TUFFACEOUS SHALE",BONAI Gp.,GSI Mineral Occurrence,Primary Deposit,Documented GSI Occurrence,Historical GSI Record,BONAI-NOAMUNDI-JAMDA Fe-Mn BELT,XXXIV,MN_IND_0013
KATSAI,Odisha,Unknown,21.8333333333,85.35,TUFFACEOUS SHALE,BONAI Gp.,GSI Mineral Occurrence,Primary Deposit,Documented GSI Occurrence,Historical GSI Record,BONAI-NOAMUNDI-JAMDA Fe-Mn BELT,XXXIV,MN_IND_0014
ROIDA,Odisha,Unknown,22.0166666667,85.3666666667,TUFFACEOUS SHALE,BONAI Gp.,GSI Mineral Occurrence,Primary Deposit,Documented GSI Occurrence,Historical GSI Record,BONAI-NOAMUNDI-JAMDA Fe-Mn BELT,XXXIV,MN_IND_0015
SARAMDAH-BHADRASAI,Odisha,Unknown,22.05,85.4,TUFFACEOUS SHALE,BONAI Gp.,GSI Mineral Occurrence,Primary Deposit,Documented GSI Occurrence,Historical GSI Record,BONAI-NOAMUNDI-JAMDA Fe-Mn BELT,XXXIV,MN_IND_0016
SARKUNDA,Odisha,Unknown,21.8166666667,85.15,METASEDIMENTS-METAVOLCANICS,IRON OREGROUP,GSI Mineral Occurrence,Primary Deposit,Documented GSI Occurrence,Historical GSI Record,BONAI-NOAMUNDI-JAMDA Fe-Mn BELT,XXXIV,MN_IND_0017
KANIVENALLI,Karnataka,Unknown,14.95,76.5666666667,METASEDIMENTS-METAVOLCANICS,EASTERN GREENSTONE,GSI Mineral Occurrence,Primary Deposit,Documented GSI Occurrence,Historical GSI Record,SANDUR Fe-Mn-Au PROVINCE,XVI,MN_IND_0018
RAMGAD,Karnataka,Unknown,15.15,76.4333333333,METASEDIMENTS - METAVOLCANICS,EASTERN GREENSTONE,GSI Mineral Occurrence,Primary Deposit,Documented GSI Occurrence,Historical GSI Record,SANDUR Fe-Mn-Au PROVINCE,XVI,MN_IND_0019
BHANDARBOLI,Maharashtra,Unknown,21.3833333333,79.45,GONDITE,SAUSAR Gp.,GSI Mineral Occurrence,Primary Deposit,Documented GSI Occurrence,Historical GSI Record,SAUSAR Mn ZONE,XXIX,MN_IND_0020
DHANSUA-LAUGHAR-JAGANTOLI,Madhya Pradesh,Unknown,22.0,80.2333333333,"SCHIST,PHYLLITE",LOHANGI Fm.,GSI Mineral Occurrence,Primary Deposit,Documented GSI Occurrence,Historical GSI Record,SAUSAR Mn ZONE,XXIX,MN_IND_0021
GUMGAON,Maharashtra,Unknown,21.3833333333,79.3333333333,SCHIST,SAUSAR Gp.,GSI Mineral Occurrence,Primary Deposit,Documented GSI Occurrence,Historical GSI Record,SAUSAR Mn ZONE,XXIX,MN_IND_0022
JUNEWANI,Maharashtra,Unknown,21.45,79.2666666667,CALC GNEISS AND SCHIST,SAUSAR Gp.,GSI Mineral Occurrence,Primary Deposit,Documented GSI Occurrence,Historical GSI Record,SAUSAR Mn ZONE,XXIX,MN_IND_0023
NETRA,Maharashtra,Unknown,21.5333333333,79.9833333333,SCHIST,LOHANGI Fm.,GSI Mineral Occurrence,Primary Deposit,Documented GSI Occurrence,Historical GSI Record,SAUSAR Mn ZONE,XXIX,MN_IND_0024
PANCHALA,Maharashtra,Unknown,21.45,79.7666666667,GONDITE,SAUSAR Gp.,GSI Mineral Occurrence,Primary Deposit,Documented GSI Occurrence,Historical GSI Record,SAUSAR Mn ZONE,XXIX,MN_IND_0025
PAWNIA,Madhya Pradesh,Unknown,21.7166666667,79.75,GONDITE-QUARTZITE,LOHANGI Fm..,GSI Mineral Occurrence,Primary Deposit,Documented GSI Occurrence,Historical GSI Record,SAUSAR Mn ZONE,XXIX,MN_IND_0026
TIRODI,Madhya Pradesh,Unknown,21.6833333333,79.7333333333,"GONDITE,QUARTZITE",LOHANGI Fm..,GSI Mineral Occurrence,Primary Deposit,Documented GSI Occurrence,Historical GSI Record,SAUSAR Mn ZONE,XXIX,MN_IND_0027
UKWA,Madhya Pradesh,Unknown,21.9666666667,80.4666666667,SCHIST AND PHYLLITE,LOHANGI Fm.,GSI Mineral Occurrence,Primary Deposit,Documented GSI Occurrence,Historical GSI Record,SAUSAR Mn ZONE,XXIX,MN_IND_0028
LAUGHAR-KAMHATOLA,Madhya Pradesh,Unknown,21.8333333333,80.3666666667,SCHISTS,LOHANGI Fm..,GSI Mineral Occurrence,Primary Deposit,Documented GSI Occurrence,Historical GSI Record,SAUSAR Mn ZONE,XXIX,MN_IND_0029
ANMOD,Goa,Unknown,15.4333333333,74.3,LATERITE ON VOLCANICS OF GREENSTONE,CHITRADURGA BELT Gp.,GSI Mineral Occurrence,Primary Deposit,Documented GSI Occurrence,Historical GSI Record,GOA Fe-Mn BELT,XLVII,MN_IND_0030
HATTIKAMBA,Karnataka,Unknown,15.2666666667,74.45,LATERITE ON VOLCANOSEDIMENTARY SEQUENCE,CHITRADURGA BELT Gp.,GSI Mineral Occurrence,Primary Deposit,Documented GSI Occurrence,Historical GSI Record,GOA Fe-Mn BELT,XLVII,MN_IND_0031
TERALI-BISGOD,Goa,Unknown,15.1666666667,74.3666666667,LATERITE ON VOLCANOSEDIMETS OF GREENSTON,CHITRADURGA BELT BELT,GSI Mineral Occurrence,Primary Deposit,Documented GSI Occurrence,Historical GSI Record,GOA Fe-Mn BELT,XLVII,MN_IND_0032
YOGIMALAI,Karnataka,Unknown,13.8666666667,75.3166666667,METASEDIMENTS-METAVOLCANICS,CHITRADURGA BELT Gp.,GSI Mineral Occurrence,Primary Deposit,Documented GSI Occurrence,Historical GSI Record,KUNDREMUKH-SHIMOGA BELT,XXVI,MN_IND_0033
VINJAMUR-KODANDARMA MINE,Andhra Pradesh,Unknown,14.75,79.58333334,"VOLCANICS,CARBONATITE,TUFF",NELLORE Gp.,NGDR Mineral Deposit,Mineral Deposit,OCCURRENCE,nan,Other Regional Mn Belt,N/A,MN_IND_0034
NAN,Karnataka,Unknown,14.95,76.00972222,METASEDIMENTS-METAVOLCANICS,DHARWAR(SANDUR SCH.),NGDR Mineral Deposit,Mineral Deposit,15.7 M.TONNES,L012.0% 35.5%(AV.),Other Regional Mn Belt,N/A,MN_IND_0035
GUMGAON,Maharashtra,Unknown,21.00805555,79.00861111,SCHIST,SAUSAR Gp.,NGDR Mineral Deposit,Mineral Deposit,"585,600 TONNES",46%-50% Mn,Other Regional Mn Belt,N/A,MN_IND_0036
COLAMBA,Goa,Unknown,15.00250001,74.11666667,MANGANIFEROUS PHYLLITE,DHARWAR Sgp.,NGDR Mineral Deposit,Mineral Deposit,"215,398 TONNES",25%-45% Mn,GOA Fe-Mn BELT,XLVII,MN_IND_0037
SULKORNA,Goa,Unknown,15.02061882,74.02076803,MANGANIFEROUS PHYLLITE,DHARWAR Sgp.,NGDR Mineral Deposit,Mineral Deposit,"15,000 TONNES",44%-50% Mn,GOA Fe-Mn BELT,XLVII,MN_IND_0038
BALAGHAT,Chhattisgarh,Unknown,21.81666667,80.0,"PHYLLITE,QUARTZITE",LOHANGI Fm..,NGDR Mineral Deposit,Mineral Deposit,6.21 M.TONNES,+48% Mn,SAUSAR Mn ZONE,XXIX,MN_IND_0039
DHANSUA-LAUGHAR-JAGANTOLI,Madhya Pradesh,Unknown,22.0,80.00416667,"SCHIST,PHYLLITE",LOHANGI Fm.,NGDR Mineral Deposit,Mineral Deposit,1.6 M.TONNES (TOTAL RESERVE),35%-46% Mn,SAUSAR Mn ZONE,XXIX,MN_IND_0040
KALTA,Odisha,Unknown,21.84999999,85.13333334,"BHQ,SHALE INTERLAYERED WITH LAVA",BONAI Gp.,NGDR Mineral Deposit,Mineral Deposit,461.3 M.TONNES,59%-65% Fe,BONAI-NOAMUNDI-JAMDA Fe-Mn BELT,XXXIV,MN_IND_0041
KHANDBAND,Odisha,Unknown,21.94999999,85.39999999,"BHQ,SHALE",BONAI Gp.,NGDR Mineral Deposit,Mineral Deposit,69.27 M.TONNES,63%-64.5% Fe,BONAI-NOAMUNDI-JAMDA Fe-Mn BELT,XXXIV,MN_IND_0042
GARBHAM,Andhra Pradesh,Unknown,18.00638889,83.00833334,KHONDALITE,"EASTERN GHAT Sgp,",NGDR Mineral Deposit,Mineral Deposit,"49,948 TONNES",26%-32% Mn,EASTERNGHAT AI-Mn PROVINCE,XXII,MN_IND_0043
CHIKKABYALADAKERE,Karnataka,Chitradurga,13.693314520845904,76.51552081668513,Manganiferous Host Formation,Active Mining Area,NGDR Major Mining Lease (2022),Active Mining Lease,Lease Area: 46.3745259773 ha,"Lessee: Vsusheelamma,",CHITRADURGA POLYMETALLIC PROVINCE,XVII,MN_IND_0044
BALAGUDDA ML 2512(KONDLI),Karnataka,Tumkur,13.380524642585234,76.73872538826238,Manganiferous Host Formation,Active Mining Area,NGDR Major Mining Lease (2022),Active Mining Lease,Lease Area: 36.7207660277 ha,"Lessee: Ms.R. Gupta,",CHITRADURGA POLYMETALLIC PROVINCE,XVII,MN_IND_0045
DOREGUDDA  ML 2601/1266,Karnataka,Tumkur,13.366367258292785,76.76323495260512,Manganiferous Host Formation,Active Mining Area,NGDR Major Mining Lease (2022),Active Mining Lease,Lease Area: 128.748949556 ha,"Lessee: M Dasaratharami Reddy, Gpa Holder Of Mchennakeshava Reddy",CHITRADURGA POLYMETALLIC PROVINCE,XVII,MN_IND_0046
SHIVASANDRA,Karnataka,Tumkur,13.354266726494155,76.76793021981268,Manganiferous Host Formation,Active Mining Area,NGDR Major Mining Lease (2022),Active Mining Lease,Lease Area: 21.1195437435 ha,"Lessee: M/S Sunanda V. Allum,",CHITRADURGA POLYMETALLIC PROVINCE,XVII,MN_IND_0047
KAREKURCHI  IRON ORE ML 2028,Karnataka,Tumkur,13.339186572285536,76.71562364905051,Manganiferous Host Formation,Active Mining Area,NGDR Major Mining Lease (2022),Active Mining Lease,Lease Area: 15.5388596366 ha,"Lessee: Rbharatha Raj,",CHITRADURGA POLYMETALLIC PROVINCE,XVII,MN_IND_0048
HULLIKATTE 1992,Karnataka,Davanagere,14.447020242073307,76.12282292578774,Manganiferous Host Formation,Active Mining Area,NGDR Major Mining Lease (2022),Active Mining Lease,Lease Area: 25.5250081231 ha,"Lessee: M/S Mineral Enterprises Pvt Ltd.,",CHITRADURGA POLYMETALLIC PROVINCE,XVII,MN_IND_0049
RAMGAD/SB HALLI(1952),Karnataka,Bellary,15.099632778013362,76.47658481801852,Manganiferous Host Formation,Active Mining Area,NGDR Major Mining Lease (2022),Active Mining Lease,Lease Area: 136.574265595 ha,"Lessee: M/S The Sandur Manganese & Iron Ores Ltd,",SANDUR Fe-Mn-Au PROVINCE,XVI,MN_IND_0050
SWAMYHALLI MANGANESE MINE,Karnataka,Bellary,14.973341919248655,76.59974536451071,Manganiferous Host Formation,Active Mining Area,NGDR Major Mining Lease (2022),Active Mining Lease,Lease Area: 4.79130546834 ha,"Lessee: J.M Vrushabhendriah, Bdcc Bank Employees Colony, M.T Nagar, Hospet, Bellary- 583203",SANDUR Fe-Mn-Au PROVINCE,XVI,MN_IND_0051
JIGENAHALLI,Karnataka,Bellary,14.988288253442606,76.55802254856228,Manganiferous Host Formation,Active Mining Area,NGDR Major Mining Lease (2022),Active Mining Lease,Lease Area: 22.1755202400 ha,"Lessee: M/S  Marwa  Miinig Company,",SANDUR Fe-Mn-Au PROVINCE,XVI,MN_IND_0052
CHANDA MANAGANESE MINE,Telangana,Adilabad,19.72367103099975,78.5479021867949,Manganiferous Host Formation,Active Mining Area,NGDR Major Mining Lease (2022),Active Mining Lease,Lease Area: 39.2750000000 ha,Lessee: Suresh Agarwal,Other Regional Mn Belt,N/A,MN_IND_0053
PIPALGAON,Telangana,Adilabad,19.677904194329397,78.65290420960595,Manganiferous Host Formation,Active Mining Area,NGDR Major Mining Lease (2022),Active Mining Lease,Lease Area: 20.3520000000 ha,Lessee: Aditya Minerals Private Limited,Other Regional Mn Belt,N/A,MN_IND_0054
KUMBHAZARI MANAGANESE MINE,Telangana,Adilabad,19.682120954287495,78.61608273336606,Manganiferous Host Formation,Active Mining Area,NGDR Major Mining Lease (2022),Active Mining Lease,Lease Area: 25.6610000000 ha,Lessee: Suresh Agarwal,Other Regional Mn Belt,N/A,MN_IND_0055
DABAKUCHI NIPPANI,Telangana,Adilabad,19.769858578943953,78.44635276145254,Manganiferous Host Formation,Active Mining Area,NGDR Major Mining Lease (2022),Active Mining Lease,Lease Area: 73.9410000000 ha,Lessee: Aditya Minerals Private Limited,Other Regional Mn Belt,N/A,MN_IND_0056
PIMPERAKUNTA GUDA MINE,Telangana,Adilabad,19.765143134470474,78.48798698891248,Manganiferous Host Formation,Active Mining Area,NGDR Major Mining Lease (2022),Active Mining Lease,Lease Area: 89.0000000000 ha,Lessee: Aditya Minerals Private Limited,Other Regional Mn Belt,N/A,MN_IND_0057
PIMPERKUNTA MINE,Telangana,Adilabad,19.747397578403827,78.48550449877386,Manganiferous Host Formation,Active Mining Area,NGDR Major Mining Lease (2022),Active Mining Lease,Lease Area: 32.6300000000 ha,Lessee: Balaji Electro Smelters Limited,Other Regional Mn Belt,N/A,MN_IND_0058
NEW JAMDAPUR,Telangana,Adilabad,19.739232046039895,78.52032867704956,Manganiferous Host Formation,Active Mining Area,NGDR Major Mining Lease (2022),Active Mining Lease,Lease Area: 93.1700000000 ha,Lessee: Aditya Minerals Private Limited,Other Regional Mn Belt,N/A,MN_IND_0059
JAMDAPUR,Telangana,Adilabad,19.72662204452092,78.52239663737382,Manganiferous Host Formation,Active Mining Area,NGDR Major Mining Lease (2022),Active Mining Lease,Lease Area: 13.1720000000 ha,Lessee: Aditya Minerals Private Limited,Other Regional Mn Belt,N/A,MN_IND_0060
BHORAJ MANGANESE ORE MINE,Telangana,Adilabad,19.738229056864352,78.53291445910304,Manganiferous Host Formation,Active Mining Area,NGDR Major Mining Lease (2022),Active Mining Lease,Lease Area: 122.570000000 ha,Lessee: Balaji Electro Smelters Limited,Other Regional Mn Belt,N/A,MN_IND_0061
JAMDAPUR MINE,Telangana,Adilabad,19.730499056306858,78.52683104778248,Manganiferous Host Formation,Active Mining Area,NGDR Major Mining Lease (2022),Active Mining Lease,Lease Area: 78.6880000000 ha,Lessee: S.Y.Minerals Private Limited,Other Regional Mn Belt,N/A,MN_IND_0062
GHOTGURIGUDA--I,Telangana,Adilabad,19.7503818796109,78.49677836830047,Manganiferous Host Formation,Active Mining Area,NGDR Major Mining Lease (2022),Active Mining Lease,Lease Area: 23.9900000000 ha,Lessee: Aditya Minerals Private Limited,Other Regional Mn Belt,N/A,MN_IND_0063
GOLLAGHAT MANGANESE ORE,Telangana,Adilabad,19.791138544184516,78.452134244552,Manganiferous Host Formation,Active Mining Area,NGDR Major Mining Lease (2022),Active Mining Lease,Lease Area: 44.2040000000 ha,Lessee: Suresh Agarwal,Other Regional Mn Belt,N/A,MN_IND_0064
SHIVRAJPUR [135/B-PART] MANGANESE MINE,Gujarat,Panch Mahals,22.402712263272644,73.61332766843887,Manganiferous Host Formation,Active Mining Area,NGDR Major Mining Lease (2022),Active Mining Lease,Lease Area: 2.95430000000 ha,Lessee: Olympic Industrial Corp.,Other Regional Mn Belt,N/A,MN_IND_0065
AMLIYAMAL,Madhya Pradesh,Jhabua,22.996393684328183,74.4085129710074,Manganiferous Host Formation,Active Mining Area,NGDR Major Mining Lease (2022),Active Mining Lease,Lease Area: 6.39000000000 ha,Lessee: A. V. Mines Pvt. Ltd.,Other Regional Mn Belt,N/A,MN_IND_0066
KAJLI DONGRI,Madhya Pradesh,Jhabua,22.945482155304493,74.46880183360672,Manganiferous Host Formation,Active Mining Area,NGDR Major Mining Lease (2022),Active Mining Lease,Lease Area: 30.8600000000 ha,Lessee: M/S S.R.Ferro Alloys,Other Regional Mn Belt,N/A,MN_IND_0067
KALA KHUNTA,Rajasthan,Banswara,23.3236720782694,74.27949512443539,Manganiferous Host Formation,Active Mining Area,NGDR Major Mining Lease (2022),Active Mining Lease,Lease Area: 18.8980000000 ha,Lessee: Asian Mining Associates,Other Regional Mn Belt,N/A,MN_IND_0068
GWARI BADONA,Madhya Pradesh,Chhindwara,21.528617489458085,78.81771130885569,Manganiferous Host Formation,Active Mining Area,NGDR Major Mining Lease (2022),Active Mining Lease,Lease Area: 8.77600000000 ha,Lessee: Chhindwara Mines Pvt Ltd,Other Regional Mn Belt,N/A,MN_IND_0069
KAWATHA,Maharashtra,Nagpur,21.495854969641773,78.89803933194025,Manganiferous Host Formation,Active Mining Area,NGDR Major Mining Lease (2022),Active Mining Lease,Lease Area: 26.6700000000 ha,Lessee: Smt. Rachna Ashish Belorkar,Other Regional Mn Belt,N/A,MN_IND_0070
GUMGAON 4860 HECT,Maharashtra,Nagpur,21.405720704941533,78.98789931602414,Manganiferous Host Formation,Active Mining Area,NGDR Major Mining Lease (2022),Active Mining Lease,Lease Area: 49.3929345604 ha,Lessee: M/S Manganese Ore ( India) Ltd,Other Regional Mn Belt,N/A,MN_IND_0071
KOTHULNA,Maharashtra,Nagpur,21.419932010613664,79.02223446219777,Manganiferous Host Formation,Active Mining Area,NGDR Major Mining Lease (2022),Active Mining Lease,Lease Area: 24.2706124499 ha,Lessee: M/S Shubhnam Mineral Enter,Other Regional Mn Belt,N/A,MN_IND_0072
KIRANPUR_288 HA,Maharashtra,Nagpur,21.415377225125876,79.02177891268572,Manganiferous Host Formation,Active Mining Area,NGDR Major Mining Lease (2022),Active Mining Lease,Lease Area: 2.29898448355 ha,Lessee: Shri Ravindra Nath,Other Regional Mn Belt,N/A,MN_IND_0073
SATUK_868,Maharashtra,Nagpur,21.333369175183893,79.2737568760441,Manganiferous Host Formation,Active Mining Area,NGDR Major Mining Lease (2022),Active Mining Lease,Lease Area: 8.33932869047 ha,Lessee: M/S Manganese Ore ( India) Ltd,SAUSAR Mn ZONE,XXIX,MN_IND_0074
WADEGAON_3970,Maharashtra,Nagpur,21.32793642105536,79.40192348275032,Manganiferous Host Formation,Active Mining Area,NGDR Major Mining Lease (2022),Active Mining Lease,Lease Area: 4.13105712826 ha,Lessee: Shri Shakeel Ahmed Aqueel Hussain,SAUSAR Mn ZONE,XXIX,MN_IND_0075
MANSAR_2515 HECT,Maharashtra,Nagpur,21.401011016325317,79.29109512662431,Manganiferous Host Formation,Active Mining Area,NGDR Major Mining Lease (2022),Active Mining Lease,Lease Area: 25.4194458456 ha,Lessee: M/S Manganese Ore ( India) Ltd,SAUSAR Mn ZONE,XXIX,MN_IND_0076
MANSAR CHARGAON_097 HA,Maharashtra,Nagpur,21.395512971054043,79.2888339519725,Manganiferous Host Formation,Active Mining Area,NGDR Major Mining Lease (2022),Active Mining Lease,Lease Area: 1.71354505657 ha,Lessee: M/S Manganese Ore ( India) Ltd,SAUSAR Mn ZONE,XXIX,MN_IND_0077
MUNSAR_10863 HECT,Maharashtra,Nagpur,21.400384661322907,79.28423352845435,Manganiferous Host Formation,Active Mining Area,NGDR Major Mining Lease (2022),Active Mining Lease,Lease Area: 122.478410786 ha,Lessee: M/S Manganese Ore ( India) Ltd,SAUSAR Mn ZONE,XXIX,MN_IND_0078
BELDONGRI 267 HECT,Maharashtra,Nagpur,21.339895839565123,79.28923877218524,Manganiferous Host Formation,Active Mining Area,NGDR Major Mining Lease (2022),Active Mining Lease,Lease Area: 27.1525563034 ha,Lessee: M/S Manganese Ore ( India) Ltd,SAUSAR Mn ZONE,XXIX,MN_IND_0079
PARSODA,Maharashtra,Nagpur,21.38627107924488,79.29723962841439,Manganiferous Host Formation,Active Mining Area,NGDR Major Mining Lease (2022),Active Mining Lease,Lease Area: 53.7500000000 ha,Lessee: M/S Manganese Ore ( India) Ltd,SAUSAR Mn ZONE,XXIX,MN_IND_0080
SATUK NEW 1684 HECT,Maharashtra,Nagpur,21.34215434051929,79.26671746440277,Manganiferous Host Formation,Active Mining Area,NGDR Major Mining Lease (2022),Active Mining Lease,Lease Area: 16.0684928168 ha,Lessee: M/S Manganese Ore ( India) Ltd,SAUSAR Mn ZONE,XXIX,MN_IND_0081
MANSAR_574 HA,Maharashtra,Nagpur,21.404793523722415,79.2748894825691,Manganiferous Host Formation,Active Mining Area,NGDR Major Mining Lease (2022),Active Mining Lease,Lease Area: 5.85962133345 ha,Lessee: M/S Manganese Ore ( India) Ltd,SAUSAR Mn ZONE,XXIX,MN_IND_0082
KANDRI_83065 HA,Maharashtra,Nagpur,21.412109474323834,79.26700416526315,Manganiferous Host Formation,Active Mining Area,NGDR Major Mining Lease (2022),Active Mining Lease,Lease Area: 85.7650171599 ha,Lessee: M/S Manganese Ore ( India) Ltd,SAUSAR Mn ZONE,XXIX,MN_IND_0083
PALASPANI,Madhya Pradesh,Chhindwara,21.72361963263553,78.78589328821394,Manganiferous Host Formation,Active Mining Area,NGDR Major Mining Lease (2022),Active Mining Lease,Lease Area: 54.1290000000 ha,Lessee: Krishnaping Alloys Pvt.Ltd.,Other Regional Mn Belt,N/A,MN_IND_0084
GANDHIGRAM,Madhya Pradesh,Jabalpur,23.357141687230353,80.02807795176237,Manganiferous Host Formation,Active Mining Area,NGDR Major Mining Lease (2022),Active Mining Lease,Lease Area: 5.80000000000 ha,Lessee: Gajraj Singh Baghel,Other Regional Mn Belt,N/A,MN_IND_0085
KURRO,Madhya Pradesh,Jabalpur,23.491618713821843,80.14601156934084,Manganiferous Host Formation,Active Mining Area,NGDR Major Mining Lease (2022),Active Mining Lease,Lease Area: 7.30000000000 ha,Lessee: Vinod Kumar Shrivastava,Other Regional Mn Belt,N/A,MN_IND_0086
MANSAKRA,Madhya Pradesh,Jabalpur,23.49946637924275,80.12125103373398,Manganiferous Host Formation,Active Mining Area,NGDR Major Mining Lease (2022),Active Mining Lease,Lease Area: 8.00000000000 ha,Lessee: Shivalika Minerals,Other Regional Mn Belt,N/A,MN_IND_0087
DARSHANI,Madhya Pradesh,Jabalpur,23.511020022875773,80.06771670231171,Manganiferous Host Formation,Active Mining Area,NGDR Major Mining Lease (2022),Active Mining Lease,Lease Area: 5.70000000000 ha,"Lessee: Kamal Lime & Stones , Katni",Other Regional Mn Belt,N/A,MN_IND_0088
JHANSI/SILUA,Madhya Pradesh,Jabalpur,23.367520994696594,80.08390682604526,Manganiferous Host Formation,Active Mining Area,NGDR Major Mining Lease (2022),Active Mining Lease,Lease Area: 4.49000000000 ha,Lessee: Khatri Minerals & Mining Company,Other Regional Mn Belt,N/A,MN_IND_0089
KEOLARI,Madhya Pradesh,Jabalpur,23.381025566063705,80.05194381057986,Manganiferous Host Formation,Active Mining Area,NGDR Major Mining Lease (2022),Active Mining Lease,Lease Area: 4.03000000000 ha,Lessee: Shobha Minerals,Other Regional Mn Belt,N/A,MN_IND_0090
JHINNA,Madhya Pradesh,Katni,23.206483685413406,80.82221868842997,Manganiferous Host Formation,Active Mining Area,NGDR Major Mining Lease (2022),Active Mining Lease,Lease Area: 48.5620000000 ha,Lessee: Sukhdev Prasad Goenka,Other Regional Mn Belt,N/A,MN_IND_0091
UKWA,Madhya Pradesh,Balaghat,21.97589778837824,80.46678609304924,Manganiferous Host Formation,Active Mining Area,NGDR Major Mining Lease (2022),Active Mining Lease,Lease Area: 199.067000000 ha,Lessee: Manganese Ore (India) Ltd.,SAUSAR Mn ZONE,XXIX,MN_IND_0092
LUGMA-UKWA,Madhya Pradesh,Balaghat,21.98078377956921,80.46339799657144,Manganiferous Host Formation,Active Mining Area,NGDR Major Mining Lease (2022),Active Mining Lease,Lease Area: 73.5670000000 ha,Lessee: Manganese Ore (India) Ltd.,SAUSAR Mn ZONE,XXIX,MN_IND_0093
JAGANTOLA,Madhya Pradesh,Balaghat,21.956187912767057,80.44079290634113,Manganiferous Host Formation,Active Mining Area,NGDR Major Mining Lease (2022),Active Mining Lease,Lease Area: 5.49200000000 ha,Lessee: Smt. Leela Bhalavi,SAUSAR Mn ZONE,XXIX,MN_IND_0094
GHONDI,Madhya Pradesh,Balaghat,21.94463218582956,80.43002461597666,Manganiferous Host Formation,Active Mining Area,NGDR Major Mining Lease (2022),Active Mining Lease,Lease Area: 40.4700000000 ha,Lessee: I.Patric Dhanraj,SAUSAR Mn ZONE,XXIX,MN_IND_0095
JAGANTOLA,Madhya Pradesh,Balaghat,21.950497721799515,80.43280255282838,Manganiferous Host Formation,Active Mining Area,NGDR Major Mining Lease (2022),Active Mining Lease,Lease Area: 6.26400000000 ha,"Lessee: Hira Power & Steel Ltd., Raipur",SAUSAR Mn ZONE,XXIX,MN_IND_0096
BALAGHAT,Madhya Pradesh,Balaghat,21.849895649551172,80.23182195413469,Manganiferous Host Formation,Active Mining Area,NGDR Major Mining Lease (2022),Active Mining Lease,Lease Area: 182.300000000 ha,Lessee: Manganese Ore (India) Ltd.,SAUSAR Mn ZONE,XXIX,MN_IND_0097
BHARWELI & AWLAJHARI,Madhya Pradesh,Balaghat,21.83678791366742,80.22581098164542,Manganiferous Host Formation,Active Mining Area,NGDR Major Mining Lease (2022),Active Mining Lease,Lease Area: 76.4090000000 ha,Lessee: Manganese Ore (India) Ltd.,SAUSAR Mn ZONE,XXIX,MN_IND_0098
BOTEJHARI,Madhya Pradesh,Balaghat,21.83160109021648,79.95228106603247,Manganiferous Host Formation,Active Mining Area,NGDR Major Mining Lease (2022),Active Mining Lease,Lease Area: 8.45200000000 ha,Lessee: Vijay Khandelwal,SAUSAR Mn ZONE,XXIX,MN_IND_0099
BOTEZHARI,Madhya Pradesh,Balaghat,21.821632427887142,79.9510702417023,Manganiferous Host Formation,Active Mining Area,NGDR Major Mining Lease (2022),Active Mining Lease,Lease Area: 2.22900000000 ha,Lessee: Prem Ji Bhai Patel,SAUSAR Mn ZONE,XXIX,MN_IND_0100
BHAIYATIKUR,Madhya Pradesh,Balaghat,21.90603366384249,80.01365471276877,Manganiferous Host Formation,Active Mining Area,NGDR Major Mining Lease (2022),Active Mining Lease,Lease Area: 4.57900000000 ha,Lessee: M/S Natural Resource (India) P. Ltd.,SAUSAR Mn ZONE,XXIX,MN_IND_0101
KATANGJHARI-II,Madhya Pradesh,Balaghat,21.842936063782457,79.96522425620074,Manganiferous Host Formation,Active Mining Area,NGDR Major Mining Lease (2022),Active Mining Lease,Lease Area: 5.26300000000 ha,Lessee: M/S J.K. Minerals,SAUSAR Mn ZONE,XXIX,MN_IND_0102
NETRA,Madhya Pradesh,Balaghat,21.88034184969703,79.98231352279275,Manganiferous Host Formation,Active Mining Area,NGDR Major Mining Lease (2022),Active Mining Lease,Lease Area: 20.0000000000 ha,Lessee: Pacific Minerals Pvt. Ltd.,SAUSAR Mn ZONE,XXIX,MN_IND_0103
G. F. S. R. ( GULLA),Madhya Pradesh,Balaghat,21.881327127424868,79.97248365744773,Manganiferous Host Formation,Active Mining Area,NGDR Major Mining Lease (2022),Active Mining Lease,Lease Area: 10.0000000000 ha,Lessee: J. K. Minerals,SAUSAR Mn ZONE,XXIX,MN_IND_0104
G. F. SONEWANI,Madhya Pradesh,Balaghat,21.87068840217288,79.9593601022736,Manganiferous Host Formation,Active Mining Area,NGDR Major Mining Lease (2022),Active Mining Lease,Lease Area: 33.0000000000 ha,Lessee: J. K. Minerals,SAUSAR Mn ZONE,XXIX,MN_IND_0105
KATANGJHARI,Madhya Pradesh,Balaghat,21.84287115770961,79.95735393734299,Manganiferous Host Formation,Active Mining Area,NGDR Major Mining Lease (2022),Active Mining Lease,Lease Area: 3.37600000000 ha,Lessee: J. K. Minerals,SAUSAR Mn ZONE,XXIX,MN_IND_0106
RAMRAMA,Madhya Pradesh,Balaghat,21.858962838581515,79.93513759698273,Manganiferous Host Formation,Active Mining Area,NGDR Major Mining Lease (2022),Active Mining Lease,Lease Area: 43.0860000000 ha,Lessee: M/S A.P.Trivedi Sons,SAUSAR Mn ZONE,XXIX,MN_IND_0107
ARJUNI,Madhya Pradesh,Balaghat,21.752090406184436,79.88663700568405,Manganiferous Host Formation,Active Mining Area,NGDR Major Mining Lease (2022),Active Mining Lease,Lease Area: 3.23800000000 ha,Lessee: Sunil Kumar Kalwani,SAUSAR Mn ZONE,XXIX,MN_IND_0108
SELWA,Madhya Pradesh,Balaghat,21.75856530666517,79.82624997705136,Manganiferous Host Formation,Active Mining Area,NGDR Major Mining Lease (2022),Active Mining Lease,Lease Area: 4.90600000000 ha,"Lessee: M/S Metal & Minerals, Prop. Sandesh Jain",SAUSAR Mn ZONE,XXIX,MN_IND_0109
THOMSON GAZELLE,Madhya Pradesh,Balaghat,21.800319608055215,79.85838293883118,Manganiferous Host Formation,Active Mining Area,NGDR Major Mining Lease (2022),Active Mining Lease,Lease Area: 4.46000000000 ha,Lessee: Thomson Gazelle,SAUSAR Mn ZONE,XXIX,MN_IND_0110
SELWA,Madhya Pradesh,Balaghat,21.74961465404628,79.81389403242095,Manganiferous Host Formation,Active Mining Area,NGDR Major Mining Lease (2022),Active Mining Lease,Lease Area: 6.71600000000 ha,Lessee: R.B.Shree Ram & Company,SAUSAR Mn ZONE,XXIX,MN_IND_0111
BORIKHEDA,Madhya Pradesh,Balaghat,21.729237721147253,79.68164076030658,Manganiferous Host Formation,Active Mining Area,NGDR Major Mining Lease (2022),Active Mining Lease,Lease Area: 5.97700000000 ha,Lessee: Shree Ganesh Metalloys Ltd.,SAUSAR Mn ZONE,XXIX,MN_IND_0112
CHAKEHATI,Madhya Pradesh,Balaghat,21.65204226531928,79.70255860804342,Manganiferous Host Formation,Active Mining Area,NGDR Major Mining Lease (2022),Active Mining Lease,Lease Area: 3.44000000000 ha,Lessee: Shakti Minerals,SAUSAR Mn ZONE,XXIX,MN_IND_0113
SUKLI,Madhya Pradesh,Balaghat,21.666481936626024,79.67267331434945,Manganiferous Host Formation,Active Mining Area,NGDR Major Mining Lease (2022),Active Mining Lease,Lease Area: 79.5500000000 ha,Lessee: Manganese Ore (India) Ltd.,SAUSAR Mn ZONE,XXIX,MN_IND_0114
SITAPATHORE,Madhya Pradesh,Balaghat,21.675712781526812,79.67222109714086,Manganiferous Host Formation,Active Mining Area,NGDR Major Mining Lease (2022),Active Mining Lease,Lease Area: 43.3530000000 ha,Lessee: Manganese Ore (India) Ltd.,SAUSAR Mn ZONE,XXIX,MN_IND_0115
SITAPATHORE,Madhya Pradesh,Balaghat,21.686812885453993,79.68362738877964,Manganiferous Host Formation,Active Mining Area,NGDR Major Mining Lease (2022),Active Mining Lease,Lease Area: 16.6360000000 ha,Lessee: Ram Bahadur Thakur Pvt.Ltd,SAUSAR Mn ZONE,XXIX,MN_IND_0116
SITAPATHORE,Madhya Pradesh,Balaghat,21.693694136050613,79.66752784240225,Manganiferous Host Formation,Active Mining Area,NGDR Major Mining Lease (2022),Active Mining Lease,Lease Area: 4.25100000000 ha,Lessee: Shri Pramod Shukla,SAUSAR Mn ZONE,XXIX,MN_IND_0117
DONGRI BUZURG_4625 HA,Maharashtra,Bhandara,21.546671677313302,79.68345048214123,Manganiferous Host Formation,Active Mining Area,NGDR Major Mining Lease (2022),Active Mining Lease,Lease Area: 46.5207123955 ha,Lessee: M/S Manganese Ore ( India) Ltd,SAUSAR Mn ZONE,XXIX,MN_IND_0118
CHIKLA 15065 HECT,Maharashtra,Bhandara,21.54296305783481,79.75313137091398,Manganiferous Host Formation,Active Mining Area,NGDR Major Mining Lease (2022),Active Mining Lease,Lease Area: 158.349171096 ha,Lessee: M/S Manganese Ore ( India) Ltd,SAUSAR Mn ZONE,XXIX,MN_IND_0119
HATODA,Madhya Pradesh,Balaghat,21.635911906463942,79.81183227850154,Manganiferous Host Formation,Active Mining Area,NGDR Major Mining Lease (2022),Active Mining Lease,Lease Area: 4.04800000000 ha,"Lessee: K. P. G Minerals, Nagpur",SAUSAR Mn ZONE,XXIX,MN_IND_0120
HATHODA,Madhya Pradesh,Balaghat,21.634113885828736,79.80631848293216,Manganiferous Host Formation,Active Mining Area,NGDR Major Mining Lease (2022),Active Mining Lease,Lease Area: 11.7660000000 ha,Lessee: M/S Balasore Alloys Ltd.,SAUSAR Mn ZONE,XXIX,MN_IND_0121
HATHORA,Madhya Pradesh,Balaghat,21.632863162041303,79.798336228406,Manganiferous Host Formation,Active Mining Area,NGDR Major Mining Lease (2022),Active Mining Lease,Lease Area: 5.72600000000 ha,Lessee: Pacific Minerals Pvt. Ltd.,SAUSAR Mn ZONE,XXIX,MN_IND_0122
TIRODI,Madhya Pradesh,Balaghat,21.677715339811563,79.7223753466452,Manganiferous Host Formation,Active Mining Area,NGDR Major Mining Lease (2022),Active Mining Lease,Lease Area: 37.0900000000 ha,Lessee: Manganese Ore (India) Ltd.,SAUSAR Mn ZONE,XXIX,MN_IND_0123
TIRODI,Madhya Pradesh,Balaghat,21.679083677182557,79.72932031801791,Manganiferous Host Formation,Active Mining Area,NGDR Major Mining Lease (2022),Active Mining Lease,Lease Area: 254.593000000 ha,Lessee: Manganese Ore (India) Ltd.,SAUSAR Mn ZONE,XXIX,MN_IND_0124
TIRODI,Madhya Pradesh,Balaghat,21.687389802120613,79.72401592964226,Manganiferous Host Formation,Active Mining Area,NGDR Major Mining Lease (2022),Active Mining Lease,Lease Area: 4.41900000000 ha,Lessee: Manganese Ore (India) Ltd.,SAUSAR Mn ZONE,XXIX,MN_IND_0125
PAUNIYA,Madhya Pradesh,Balaghat,21.73239189331062,79.76466140226918,Manganiferous Host Formation,Active Mining Area,NGDR Major Mining Lease (2022),Active Mining Lease,Lease Area: 5.83100000000 ha,Lessee: Chintamani Enterprises,SAUSAR Mn ZONE,XXIX,MN_IND_0126
PAUNIYA,Madhya Pradesh,Balaghat,21.726185735325497,79.75588533290309,Manganiferous Host Formation,Active Mining Area,NGDR Major Mining Lease (2022),Active Mining Lease,Lease Area: 6.56100000000 ha,Lessee: S.P.Goenka,SAUSAR Mn ZONE,XXIX,MN_IND_0127
CHIKMARA,Madhya Pradesh,Balaghat,21.741132826068895,79.79107270490559,Manganiferous Host Formation,Active Mining Area,NGDR Major Mining Lease (2022),Active Mining Lease,Lease Area: 8.16000000000 ha,Lessee: R.B.Shree Ram & Company,SAUSAR Mn ZONE,XXIX,MN_IND_0128
JARAH-MOHAGAON,Madhya Pradesh,Balaghat,21.737019767988443,79.90515009207289,Manganiferous Host Formation,Active Mining Area,NGDR Major Mining Lease (2022),Active Mining Lease,Lease Area: 6.15900000000 ha,Lessee: M/S Glowide Infrastructure Pvt. Ltd.,SAUSAR Mn ZONE,XXIX,MN_IND_0129
PANDHARWANI,Madhya Pradesh,Balaghat,21.626811345022332,79.84325170989544,Manganiferous Host Formation,Active Mining Area,NGDR Major Mining Lease (2022),Active Mining Lease,Lease Area: 14.9100000000 ha,Lessee: D.P.Rai,SAUSAR Mn ZONE,XXIX,MN_IND_0130
MIRAGPUR,Madhya Pradesh,Balaghat,21.631721262855635,79.83429906454349,Manganiferous Host Formation,Active Mining Area,NGDR Major Mining Lease (2022),Active Mining Lease,Lease Area: 2.29900000000 ha,Lessee: D.P.Rai,SAUSAR Mn ZONE,XXIX,MN_IND_0131
LAUGHAR,Madhya Pradesh,Balaghat,21.912766482640713,80.3662277694954,Manganiferous Host Formation,Active Mining Area,NGDR Major Mining Lease (2022),Active Mining Lease,Lease Area: 10.0000000000 ha,Lessee: Pacific Minerals Pvt. Ltd.,SAUSAR Mn ZONE,XXIX,MN_IND_0132
NADIDIH IRON AND MANGANESE ORE MINES,Odisha,Sundargarh,21.964690564041216,85.25534421207077,Manganiferous Host Formation,Active Mining Area,NGDR Major Mining Lease (2022),Active Mining Lease,Lease Area: 117.206000000 ha,Lessee: Esl Steel Limited,BONAI-NOAMUNDI-JAMDA Fe-Mn BELT,XXXIV,MN_IND_0133
KATASAHI MANGANESE BLOCK,Odisha,Kendujhar,21.9605952959201,85.33028767375403,Manganiferous Host Formation,Active Mining Area,NGDR Major Mining Lease (2022),Active Mining Lease,Lease Area: 200.509000000 ha,Lessee: Agrasen Sponge Pvt Ltd,BONAI-NOAMUNDI-JAMDA Fe-Mn BELT,XXXIV,MN_IND_0134
KOLMONG IRON ORE AND MANGANESE BLOCK,Odisha,Sundargarh,21.94776182818867,85.3144403285474,Manganiferous Host Formation,Active Mining Area,NGDR Major Mining Lease (2022),Active Mining Lease,Lease Area: 218.530000000 ha,Lessee: Yazdani Steel & Power Ltd,BONAI-NOAMUNDI-JAMDA Fe-Mn BELT,XXXIV,MN_IND_0135
GUA(JHILLINGBURUII_FE_3043HA)_SAIL_15,Jharkhand,Pashchimi Singhbhum,22.1890414230022,85.37576554547569,Manganiferous Host Formation,Active Mining Area,NGDR Major Mining Lease (2022),Active Mining Lease,Lease Area: 30.0000000000 ha,"Lessee: M/S Sail,Industry House (5Th&6Th) Floor,10 Camac Street,Kolkata-700017",BONAI-NOAMUNDI-JAMDA Fe-Mn BELT,XXXIV,MN_IND_0136
GUA(JHILLINGBURU_I__FE_MN_210526HA)_SAIL_14,Jharkhand,Pashchimi Singhbhum,22.198188408911154,85.37493676246017,Manganiferous Host Formation,Active Mining Area,NGDR Major Mining Lease (2022),Active Mining Lease,Lease Area: 210.440000000 ha,"Lessee: M/S Sail,Industry House (5Th&6Th) Floor,10 Camac Street,Kolkata-700017",BONAI-NOAMUNDI-JAMDA Fe-Mn BELT,XXXIV,MN_IND_0137
KHASJAMDAIRON_SRIRAMMINERALCO,Jharkhand,Pashchimi Singhbhum,22.178238766558703,85.43681570083457,Manganiferous Host Formation,Active Mining Area,NGDR Major Mining Lease (2022),Active Mining Lease,Lease Area: 129.220000000 ha,Lessee: Sri Ram Mineral Company,BONAI-NOAMUNDI-JAMDA Fe-Mn BELT,XXXIV,MN_IND_0138
MAHABIRMN_VKOJHA_24,Jharkhand,Pashchimi Singhbhum,22.169233840738386,85.4649790295875,Manganiferous Host Formation,Active Mining Area,NGDR Major Mining Lease (2022),Active Mining Lease,Lease Area: 21.1900000000 ha,"Lessee: Vk.Ojha,P.O.-Barajamda-833221,Dt-Singhbhum(W)   Jharkhand",BONAI-NOAMUNDI-JAMDA Fe-Mn BELT,XXXIV,MN_IND_0139
ROIDA_C_O,Odisha,Kendujhar,22.03637632262476,85.39881963462972,Manganiferous Host Formation,Active Mining Area,NGDR Major Mining Lease (2022),Active Mining Lease,Lease Area: 90.3029338616 ha,Lessee: M/S Om.C. Ltd.,BONAI-NOAMUNDI-JAMDA Fe-Mn BELT,XXXIV,MN_IND_0140
JODA WEST,Odisha,Kendujhar,21.999940397801215,85.40520888059808,Manganiferous Host Formation,Active Mining Area,NGDR Major Mining Lease (2022),Active Mining Lease,Lease Area: 1437.71900000 ha,Lessee: M/S Tata Steel Ltd,BONAI-NOAMUNDI-JAMDA Fe-Mn BELT,XXXIV,MN_IND_0141
DALPAHAR_&_BAITARANI_RB,Odisha,Kendujhar,21.975653008123366,85.39231800375731,Manganiferous Host Formation,Active Mining Area,NGDR Major Mining Lease (2022),Active Mining Lease,Lease Area: 4.84000000000 ha,Lessee: R.B. Das,BONAI-NOAMUNDI-JAMDA Fe-Mn BELT,XXXIV,MN_IND_0142
NAIBEGA & KATUPALI,Odisha,Kendujhar,21.835973907529855,85.40330791288737,Manganiferous Host Formation,Active Mining Area,NGDR Major Mining Lease (2022),Active Mining Lease,Lease Area: 47.2190000000 ha,Lessee: Tarini Prasad Mohanty,BONAI-NOAMUNDI-JAMDA Fe-Mn BELT,XXXIV,MN_IND_0143
"UNCHBALI,INDRANI_PATNAIK",Odisha,Kendujhar,21.872338109605547,85.4261230669332,Manganiferous Host Formation,Active Mining Area,NGDR Major Mining Lease (2022),Active Mining Lease,Lease Area: 106.113000000 ha,Lessee: Smt Indrani Patnaik,BONAI-NOAMUNDI-JAMDA Fe-Mn BELT,XXXIV,MN_IND_0144
SILJORA-KALIMATI IRON ORE AND MANGANESE BLOCK,Odisha,Kendujhar,21.878606111394404,85.38218350233376,Manganiferous Host Formation,Active Mining Area,NGDR Major Mining Lease (2022),Active Mining Lease,Lease Area: 715.639000000 ha,Lessee: Debabrata Behera,BONAI-NOAMUNDI-JAMDA Fe-Mn BELT,XXXIV,MN_IND_0145
BAMEBARI,Odisha,Kendujhar,21.903772028755686,85.42715949779807,Manganiferous Host Formation,Active Mining Area,NGDR Major Mining Lease (2022),Active Mining Lease,Lease Area: 464.000000000 ha,Lessee: M/S Tata Steel Ltd,BONAI-NOAMUNDI-JAMDA Fe-Mn BELT,XXXIV,MN_IND_0146
JAJANG IRON ORE BLOCK,Odisha,Kendujhar,21.92924413151204,85.43197725696727,Manganiferous Host Formation,Active Mining Area,NGDR Major Mining Lease (2022),Active Mining Lease,Lease Area: 666.150000000 ha,Lessee: Jsw Steel Ltd,BONAI-NOAMUNDI-JAMDA Fe-Mn BELT,XXXIV,MN_IND_0147
GURUDA & TRINGPAHAR,Odisha,Kendujhar,21.92591360798848,85.39572424713829,Manganiferous Host Formation,Active Mining Area,NGDR Major Mining Lease (2022),Active Mining Lease,Lease Area: 169.000000000 ha,Lessee: M/S Tata Steel Ltd,BONAI-NOAMUNDI-JAMDA Fe-Mn BELT,XXXIV,MN_IND_0148
PATABEDA_M,Odisha,Sundargarh,21.931535151399846,85.37465938491475,Manganiferous Host Formation,Active Mining Area,NGDR Major Mining Lease (2022),Active Mining Lease,Lease Area: 19.4250000000 ha,Lessee: M/S Mg. Mohanty,BONAI-NOAMUNDI-JAMDA Fe-Mn BELT,XXXIV,MN_IND_0149
KHANDBANDH,Odisha,Keonjhar,21.942737624057713,85.37573149565378,Manganiferous Host Formation,Active Mining Area,NGDR Major Mining Lease (2022),Active Mining Lease,Lease Area: 978.000000000 ha,Lessee: Tata Steel Ltd.,BONAI-NOAMUNDI-JAMDA Fe-Mn BELT,XXXIV,MN_IND_0150
GONUA,Odisha,Sundargarh,21.923403882413087,85.37229228734381,Manganiferous Host Formation,Active Mining Area,NGDR Major Mining Lease (2022),Active Mining Lease,Lease Area: 88.5160000000 ha,Lessee: Jsw Steel Ltd,BONAI-NOAMUNDI-JAMDA Fe-Mn BELT,XXXIV,MN_IND_0151
GONUA,Odisha,Sundargarh,21.916096528250193,85.37039754057392,Manganiferous Host Formation,Active Mining Area,NGDR Major Mining Lease (2022),Active Mining Lease,Lease Area: 17.1164130749 ha,Lessee: Kc. Pradhan,BONAI-NOAMUNDI-JAMDA Fe-Mn BELT,XXXIV,MN_IND_0152
SANINDUPUR,Odisha,Sundargarh,21.91694125496785,85.31390294526804,Manganiferous Host Formation,Active Mining Area,NGDR Major Mining Lease (2022),Active Mining Lease,Lease Area: 70.9170000000 ha,Lessee: M/S National Enterprises,BONAI-NOAMUNDI-JAMDA Fe-Mn BELT,XXXIV,MN_IND_0153
KANTHER-KOIRA,Odisha,Sundargarh,21.889538313233015,85.2622250102776,Manganiferous Host Formation,Active Mining Area,NGDR Major Mining Lease (2022),Active Mining Lease,Lease Area: 22.5860447355 ha,Lessee: Bs. Mishra,BONAI-NOAMUNDI-JAMDA Fe-Mn BELT,XXXIV,MN_IND_0154
KANTHER - KOIRA MANGANESE BLOCK,Odisha,Sundargarh,21.891704041119254,85.25744436461407,Manganiferous Host Formation,Active Mining Area,NGDR Major Mining Lease (2022),Active Mining Lease,Lease Area: 73.3010000000 ha,Lessee: P.M. Granite Export Private Limited,BONAI-NOAMUNDI-JAMDA Fe-Mn BELT,XXXIV,MN_IND_0155
"BAHANJAPALI, KOIRA",Odisha,Sundargarh,21.90638265883258,85.27032610829065,Manganiferous Host Formation,Active Mining Area,NGDR Major Mining Lease (2022),Active Mining Lease,Lease Area: 65.7100000000 ha,Lessee: Rudrasen Sindhu,BONAI-NOAMUNDI-JAMDA Fe-Mn BELT,XXXIV,MN_IND_0156
NARAYANPOSHI IRON ORE & MANGANESE BLOCK,Odisha,Sundargarh,21.92726882270367,85.23807038325764,Manganiferous Host Formation,Active Mining Area,NGDR Major Mining Lease (2022),Active Mining Lease,Lease Area: 347.008000000 ha,Lessee: Jsw Steel Ltd,BONAI-NOAMUNDI-JAMDA Fe-Mn BELT,XXXIV,MN_IND_0157
"NUAGAON,PRABODH_MOHANTY",Odisha,Sundargarh,21.90245446411452,85.21531582614672,Manganiferous Host Formation,Active Mining Area,NGDR Major Mining Lease (2022),Active Mining Lease,Lease Area: 29.2570000000 ha,Lessee: Prabodh Mohanty,BONAI-NOAMUNDI-JAMDA Fe-Mn BELT,XXXIV,MN_IND_0158
BANDHAL_KANKDHARA_MINING_AND_MINERALS_,Odisha,Sundargarh,21.89899805304944,85.2103557090666,Manganiferous Host Formation,Active Mining Area,NGDR Major Mining Lease (2022),Active Mining Lease,Lease Area: 28.0207000000 ha,Lessee: M/S Kanakdhara Mining & Minerals (P) Ltd,BONAI-NOAMUNDI-JAMDA Fe-Mn BELT,XXXIV,MN_IND_0159
MAHULSUKHA,Odisha,Sundargarh,21.79825702696792,85.14188766665819,Manganiferous Host Formation,Active Mining Area,NGDR Major Mining Lease (2022),Active Mining Lease,Lease Area: 390.317000000 ha,Lessee: Patnaik Minerals Pvt. Ltd.,BONAI-NOAMUNDI-JAMDA Fe-Mn BELT,XXXIV,MN_IND_0160
ANAJORI,Odisha,Rayagada,19.8111386784485,83.47753524663794,Manganiferous Host Formation,Active Mining Area,NGDR Major Mining Lease (2022),Active Mining Lease,Lease Area: 18.4940000000 ha,Lessee: Kunal Das,Other Regional Mn Belt,N/A,MN_IND_0161
RCHINTALAVALASA,Andhra Pradesh,Vizianagaram,18.425295596527807,83.22340341947606,Manganiferous Host Formation,Active Mining Area,NGDR Major Mining Lease (2022),Active Mining Lease,Lease Area: 14.2610000000 ha,Lessee: Sanjay Mining Pvt. Ltd,EASTERNGHAT AI-Mn PROVINCE,XXII,MN_IND_0162
GIRIJA,Andhra Pradesh,Vizianagaram,18.420015815569293,83.22584339668246,Manganiferous Host Formation,Active Mining Area,NGDR Major Mining Lease (2022),Active Mining Lease,Lease Area: 29.4800000000 ha,Lessee: Y. Suvarchala,EASTERNGHAT AI-Mn PROVINCE,XXII,MN_IND_0163
MAHESHWARI,Andhra Pradesh,Vizianagaram,18.495870887187987,83.31227153577375,Manganiferous Host Formation,Active Mining Area,NGDR Major Mining Lease (2022),Active Mining Lease,Lease Area: 15.7200000000 ha,Lessee: S.K.Sarawagi & Co. Pvt.Ltd,EASTERNGHAT AI-Mn PROVINCE,XXII,MN_IND_0164
SHRI RAJA RAJESWARI MINE,Andhra Pradesh,Vizianagaram,18.494496068055593,83.30286639325986,Manganiferous Host Formation,Active Mining Area,NGDR Major Mining Lease (2022),Active Mining Lease,Lease Area: 4.47700000000 ha,Lessee: Barbil Mining Co.Ltd. (Sri R.G.P. Krishna Ranga Rao),EASTERNGHAT AI-Mn PROVINCE,XXII,MN_IND_0165
MAMIDIVALASA MN MINE,Andhra Pradesh,Vizianagaram,18.46644491663621,83.27320527737001,Manganiferous Host Formation,Active Mining Area,NGDR Major Mining Lease (2022),Active Mining Lease,Lease Area: 8.09300000000 ha,Lessee: Dinesh Das & Sons Mines And Steels Pvt. Limited,EASTERNGHAT AI-Mn PROVINCE,XXII,MN_IND_0166
PUTIKAVALASA MINE,Andhra Pradesh,Vizianagaram,18.667014591949638,83.13842771322554,Manganiferous Host Formation,Active Mining Area,NGDR Major Mining Lease (2022),Active Mining Lease,Lease Area: 21.7700000000 ha,Lessee: S.V.Narayana Reddy,EASTERNGHAT AI-Mn PROVINCE,XXII,MN_IND_0167
MARKONDAPUTTI MANGANESE MINE,Andhra Pradesh,Vizianagaram,18.709645333778006,83.21895619853808,Manganiferous Host Formation,Active Mining Area,NGDR Major Mining Lease (2022),Active Mining Lease,Lease Area: 9.71200000000 ha,Lessee: M/S Radhika Metals & Minerals,EASTERNGHAT AI-Mn PROVINCE,XXII,MN_IND_0168
PERUMALI MANGANESE ORE MINE,Andhra Pradesh,Vizianagaram,18.439423452709775,83.56006994300218,Manganiferous Host Formation,Active Mining Area,NGDR Major Mining Lease (2022),Active Mining Lease,Lease Area: 4.33900000000 ha,Lessee: M.Lal & Company,EASTERNGHAT AI-Mn PROVINCE,XXII,MN_IND_0169
ROBO MANGANESE MINE,Andhra Pradesh,Vizianagaram,18.447230160076916,83.54180104983732,Manganiferous Host Formation,Active Mining Area,NGDR Major Mining Lease (2022),Active Mining Lease,Lease Area: 4.74700000000 ha,Lessee: M/S Blue Ocean Minerals Pvt. Ltd.,EASTERNGHAT AI-Mn PROVINCE,XXII,MN_IND_0170
RAMACHANDRAPURAM,Andhra Pradesh,Vizianagaram,18.437115251129633,83.52193316933275,Manganiferous Host Formation,Active Mining Area,NGDR Major Mining Lease (2022),Active Mining Lease,Lease Area: 4.16500000000 ha,Lessee: K.Venkateswara Rao   (Earlier Sri T.Appalarama Krishna Raju),EASTERNGHAT AI-Mn PROVINCE,XXII,MN_IND_0171
M/S M K MINING CORPORATION,Andhra Pradesh,Vizianagaram,18.357737826880857,83.51740356985316,Manganiferous Host Formation,Active Mining Area,NGDR Major Mining Lease (2022),Active Mining Lease,Lease Area: 4.89200000000 ha,Lessee: M.K. Mining Corporation (A.S.V. Prasad),EASTERNGHAT AI-Mn PROVINCE,XXII,MN_IND_0172
SAI BABA-I,Andhra Pradesh,Vizianagaram,18.38169538678311,83.47677056695854,Manganiferous Host Formation,Active Mining Area,NGDR Major Mining Lease (2022),Active Mining Lease,Lease Area: 8.65600000000 ha,Lessee: S.K.Sarawagi & Co. Pvt.Ltd,EASTERNGHAT AI-Mn PROVINCE,XXII,MN_IND_0173
GARBHAM,Andhra Pradesh,Vizianagaram,18.377165202527948,83.44541605412299,Manganiferous Host Formation,Active Mining Area,NGDR Major Mining Lease (2022),Active Mining Lease,Lease Area: 5.24000000000 ha,Lessee: Sri Venkateswara Minerals,EASTERNGHAT AI-Mn PROVINCE,XXII,MN_IND_0174
SHIVA SHANTHI MINE,Andhra Pradesh,Vizianagaram,18.37290673334928,83.4556609226594,Manganiferous Host Formation,Active Mining Area,NGDR Major Mining Lease (2022),Active Mining Lease,Lease Area: 4.97000000000 ha,Lessee: D.Shankarlal Sharma,EASTERNGHAT AI-Mn PROVINCE,XXII,MN_IND_0175
MANGOTOPE,Andhra Pradesh,Vizianagaram,18.373991130806807,83.47195524768902,Manganiferous Host Formation,Active Mining Area,NGDR Major Mining Lease (2022),Active Mining Lease,Lease Area: 10.5220000000 ha,Lessee: Mahalakshmi Minerals,EASTERNGHAT AI-Mn PROVINCE,XXII,MN_IND_0176
JAI DURGA [CHINNARAVYAM S.NO.5(P)],Andhra Pradesh,Vizianagaram,18.338053137592958,83.45830085067149,Manganiferous Host Formation,Active Mining Area,NGDR Major Mining Lease (2022),Active Mining Lease,Lease Area: 4.05500000000 ha,Lessee: S.K.Sarawagi & Co. Pvt.Ltd,EASTERNGHAT AI-Mn PROVINCE,XXII,MN_IND_0177
MADUKONDAMMA,Andhra Pradesh,Vizianagaram,18.322303026599112,83.56536770594475,Manganiferous Host Formation,Active Mining Area,NGDR Major Mining Lease (2022),Active Mining Lease,Lease Area: 1.60000000000 ha,Lessee: A.S.V.Prasad,EASTERNGHAT AI-Mn PROVINCE,XXII,MN_IND_0178
BAGUVALASA,Andhra Pradesh,Vizianagaram,18.346308155740758,83.5485972534208,Manganiferous Host Formation,Active Mining Area,NGDR Major Mining Lease (2022),Active Mining Lease,Lease Area: 46.6400000000 ha,Lessee: S.K.Sarawagi & Co. Pvt.Ltd,EASTERNGHAT AI-Mn PROVINCE,XXII,MN_IND_0179
AVAGUDEM,Andhra Pradesh,Vizianagaram,18.352020947104826,83.53828801236872,Manganiferous Host Formation,Active Mining Area,NGDR Major Mining Lease (2022),Active Mining Lease,Lease Area: 13.8680000000 ha,Lessee: M/S R.B.S.S.D & F.N.Das,EASTERNGHAT AI-Mn PROVINCE,XXII,MN_IND_0180
PEDANADIPALLI MN MINE,Andhra Pradesh,Vizianagaram,18.246462267582174,83.63375682004654,Manganiferous Host Formation,Active Mining Area,NGDR Major Mining Lease (2022),Active Mining Lease,Lease Area: 7.58400000000 ha,Lessee: Pramod Bansilalji Kacholia,EASTERNGHAT AI-Mn PROVINCE,XXII,MN_IND_0181
SUBHALAKSHMI (NIMMALAVALASA),Andhra Pradesh,Vizianagaram,18.294309876497206,83.67056992555567,Manganiferous Host Formation,Active Mining Area,NGDR Major Mining Lease (2022),Active Mining Lease,Lease Area: 4.77100000000 ha,Lessee: S.K.Sarawagi & Co. Pvt.Ltd,EASTERNGHAT AI-Mn PROVINCE,XXII,MN_IND_0182
SIDDESHWARI,Andhra Pradesh,Vizianagaram,18.25706121784097,83.61885535971102,Manganiferous Host Formation,Active Mining Area,NGDR Major Mining Lease (2022),Active Mining Lease,Lease Area: 19.7800000000 ha,Lessee: S.K.Sarawagi & Co. Pvt.Ltd,EASTERNGHAT AI-Mn PROVINCE,XXII,MN_IND_0183
PARAMESHWARI,Andhra Pradesh,Vizianagaram,18.250406345790125,83.62016428173716,Manganiferous Host Formation,Active Mining Area,NGDR Major Mining Lease (2022),Active Mining Lease,Lease Area: 9.35600000000 ha,Lessee: S.K.Sarawagi & Co. Pvt.Ltd,EASTERNGHAT AI-Mn PROVINCE,XXII,MN_IND_0184
DEVADA MANGANESE MINE,Andhra Pradesh,Vizianagaram,18.259498383116746,83.54995085459952,Manganiferous Host Formation,Active Mining Area,NGDR Major Mining Lease (2022),Active Mining Lease,Lease Area: 41.0540000000 ha,Lessee: M/S R.B.S.S.D & F.N.Das,EASTERNGHAT AI-Mn PROVINCE,XXII,MN_IND_0185
SADANANDAPURAM,Andhra Pradesh,Vizianagaram,18.254255560779484,83.54973669512705,Manganiferous Host Formation,Active Mining Area,NGDR Major Mining Lease (2022),Active Mining Lease,Lease Area: 56.8380000000 ha,Lessee: M/S R.B.S.S.D & F.N.Das,EASTERNGHAT AI-Mn PROVINCE,XXII,MN_IND_0186
GARVIDI,Andhra Pradesh,Vizianagaram,18.287409258379906,83.52394137941364,Manganiferous Host Formation,Active Mining Area,NGDR Major Mining Lease (2022),Active Mining Lease,Lease Area: 21.5870000000 ha,Lessee: M/S R.B.S.S.D & F.N.Das,EASTERNGHAT AI-Mn PROVINCE,XXII,MN_IND_0187
